episode,length,time,reward,delta
0,96.0,0.005554999999958454,0.0,0.00016889738494924744
1,59.0,0.0034549999998034764,0.0,-7.502275475792673e-05
2,30.0,0.0016350000000784348,0.0,0.00019751949366504293
3,76.0,0.004030999999940832,0.0,-0.0004730533702638298
4,22.0,0.0013020000001233711,0.0,-0.00046508191452861446
5,9.0,0.0005289999999149586,0.0,-4.123410243232672e-05
6,13.0,0.0007320000001982407,0.0,-0.0001934738009968004
7,28.0,0.0014970000001994777,0.0,-2.0617051216163373e-05
8,31.0,0.00176499999997759,0.0,-0.0008088606846852735
9,139.0,0.007626999999956752,0.0,-2.250134775345897e-05
10,11.0,0.0007470000000466825,0.0,-1.0308525608081686e-05
11,17.0,0.0010980000001836743,0.0,-5.154262804040843e-06
12,20.0,0.0011570000001484004,0.0,-1.1250673876729485e-05
13,14.0,0.0008629999999811844,0.0,-2.674040495604464e-06
14,41.0,0.0024490000000696455,0.0,-2.5771314020204216e-06
15,37.0,0.0022099999998772546,0.0,-1.337020247802232e-06
16,33.0,0.0017540000001190492,0.0,1.0900520466166957e-05
17,28.0,0.0015330000001085864,0.0,-0.0002167289900293486
18,27.0,0.0014550000000781438,0.0,-0.000605627092914902
19,43.0,0.002304999999978463,0.0,4.1102825852017225e-05
20,40.0,0.002424999999902866,0.0,-0.0002533420716239296
21,18.0,0.001099999999951251,0.0,4.4671991678871e-05
22,17.0,0.0009729999999308347,0.0,-0.00047635837619389214
23,12.0,0.0006840000000920554,0.0,7.101405278498913e-05
24,25.0,0.0013539999999920838,0.0,7.921861016446886e-05
25,4.0,0.0002730000001065491,0.0,3.9609305082234425e-05
26,82.0,0.004754000000048109,0.0,-9.371647373732333e-05
27,22.0,0.001295999999911146,0.0,8.035483601412041e-05
28,152.0,0.007899999999835927,0.0,-0.00029118404341850484
29,5.0,0.0005100000000766158,0.0,8.809429354202043e-05
30,14.0,0.0008669999999710853,0.0,-0.00014433116921543944
31,29.0,0.0015600000001541048,0.0,-3.7511377378963366e-05
32,54.0,0.0029329999999845313,0.0,-0.0002943181891954904
33,18.0,0.0010259999999107094,0.0,-0.00017293436373104026
34,35.0,0.0019139999999424617,0.0,0.00011870168430657624
35,33.0,0.001760999999987689,0.0,-0.0002549833950320006
36,26.0,0.0014360000000124273,0.0,-0.0005382021158337713
37,41.0,0.002165999999988344,0.0,-0.000214249099104909
38,14.0,0.0008629999999811844,0.0,9.875691143892913e-05
39,6.0,0.00037699999984397436,0.0,-0.00010601015808611941
40,27.0,0.0018000000000029104,0.0,-7.880574796400886e-05
41,59.0,0.0031999999998788553,0.0,-0.0001731504133622456
42,19.0,0.0010839999999916472,0.0,0.0001200686975454658
43,16.0,0.0008860000000368018,0.0,6.0034348772732905e-05
44,19.0,0.001117000000022017,0.0,-0.0001368408803109267
45,35.0,0.002034000000094238,0.0,-7.216558460771972e-05
46,33.0,0.0018299999999271677,0.0,-7.179091130615295e-05
47,16.0,0.0009219999999459105,0.0,0.00011675349199665645
48,38.0,0.0022149999999783176,0.0,-0.00012667103581196477
49,10.0,0.0005799999998998828,0.0,5.837674599832823e-05
50,15.0,0.0008910000001378648,0.0,0.00011641884189594803
51,6.0,0.000473000000056345,0.0,5.820942094797401e-05
52,12.0,0.0006849999999758438,0.0,8.263615905404866e-05
53,53.0,0.002816999999822656,0.0,2.5624584417960827e-05
54,28.0,0.0017800000000534055,0.0,-3.608279230385986e-05
55,14.0,0.000858000000107495,0.0,4.131807952702433e-05
56,8.0,0.0006049999999504507,0.0,0.00010572465519276107
57,18.0,0.00112200000012308,0.0,-0.00012696869430551267
58,14.0,0.0008309999998346029,0.0,0.00010749184127765881
59,25.0,0.0014570000000730943,0.0,5.374592063882941e-05
60,14.0,0.000826999999844702,0.0,0.0001394002741073807
61,11.0,0.0006680000001324515,0.0,8.208697422659478e-05
62,14.0,0.0009059999999863066,0.0,8.86456756810416e-05
63,20.0,0.0011480000000574364,0.0,2.9113142899204734e-05
64,5.0,0.00034800000003087916,0.0,0.00013002863791525027
65,12.0,0.0007200000000011642,0.0,9.977337643264164e-05
66,5.0,0.00038500000005115,0.0,4.988668821632082e-05
67,16.0,0.0009360000001379376,0.0,2.1494510264989734e-05
68,19.0,0.0011040000001685257,0.0,0.00010392446873744142
69,32.0,0.0019170000000485743,0.0,1.012447478887003e-06
70,56.0,0.0032060000000910804,0.0,-3.589545565307645e-05
71,14.0,0.0008249999998497515,0.0,9.490676904607953e-05
72,12.0,0.0007169999998950516,0.0,0.00011193044990374771
73,69.0,0.003992999999809399,0.0,4.250950715060849e-05
74,12.0,0.0007219999999961146,0.0,4.7453384523039774e-05
75,48.0,0.0026649999999790452,0.0,2.3726692261519887e-05
76,41.0,0.002279000000044107,0.0,-1.875568868948171e-05
77,17.0,0.00102100000003702,0.0,0.00011226735052855279
78,24.0,0.0013080000001082226,0.0,0.00012844881705173015
79,8.0,0.00048100000003614696,0.0,6.283752510662418e-05
80,10.0,0.0005850000000009459,0.0,0.00010265972225979641
81,64.0,0.004561999999850741,0.0,5.062237394435015e-07
82,15.0,0.0010990000000674627,0.0,2.531118697217372e-07
83,31.0,0.0017299999999522697,0.0,1.6616714990433455e-05
84,9.0,0.0005369999998947605,0.0,7.687890614908072e-05
85,11.0,0.0008040000000164582,0.0,0.00011509056967348881
86,28.0,0.0015450000000782893,0.0,9.857658449162197e-05
87,48.0,0.002584999999953652,0.0,1.281229220898044e-05
88,36.0,0.0020130000000335713,0.0,-0.00037735219996198134
89,8.0,0.000546999999869513,0.0,0.00012656015105459665
90,8.0,0.0005209999999351567,0.0,6.328007552729833e-05
91,83.0,0.00444100000004255,0.0,8.341405698042786e-05
92,4.0,0.0002730000001065491,0.0,0.00012640484163653492
93,66.0,0.003578999999945154,0.0,6.404349064891173e-05
94,8.0,0.00048599999990983633,0.0,1.455657144960236e-05
95,80.0,0.004480000000057771,0.0,0.00012839791170189465
96,24.0,0.0013420000000223808,0.0,9.77985004669649e-05
97,39.0,0.002154000000018641,0.0,3.14187625533121e-05
98,26.0,0.0015120000000479195,0.0,8.111937497810783e-05
99,10.0,0.0005779999999049323,0.0,9.433372141251406e-05
100,8.0,0.000477000000046246,0.0,0.00013731355524496182
101,36.0,0.0019409999999879801,0.0,0.00011662570719554112
102,48.0,0.002551000000039494,0.0,4.648905021334532e-05
103,19.0,0.001044999999976426,0.0,9.874040920791496e-05
104,10.0,0.0005840000001171575,0.0,6.865677762248092e-05
105,20.0,0.001130000000102882,0.0,9.71498602011408e-05
106,40.0,0.00215000000002874,0.0,0.000128089837516827
107,79.0,0.0040999999998803105,0.0,-1.7947727826538224e-05
108,29.0,0.001707000000124026,0.0,0.00010441797982632331
109,30.0,0.0016389999998409621,0.0,0.00012884880854725826
110,10.0,0.0005810000000110449,0.0,6.442440427362915e-05
111,32.0,0.0017320000001745939,0.0,-0.0001886760999809907
112,14.0,0.0007839999998395797,0.0,5.741210423373239e-05
113,4.0,0.0002730000001065491,0.0,0.00012704702055462913
114,26.0,0.0017219999999724678,0.0,0.0001671204349358294
115,21.0,0.001142000000072585,0.0,-1.0293830874328924e-05
116,7.0,0.0004279999998288986,0.0,0.00012062088094584453
117,45.0,0.0025269999998727144,0.0,0.00013363886802629152
118,87.0,0.004609999999956926,0.0,0.00011072334548180654
119,27.0,0.0014559999999619322,0.0,-7.876443164815471e-05
120,4.0,0.00030800000013186946,0.0,0.00010099443040229654
121,18.0,0.0010039999999662541,0.0,0.00013503483093084276
122,7.0,0.0004389999999148131,0.0,0.00014201999510929302
123,56.0,0.0029279999998834683,0.0,0.00018642619992242633
124,57.0,0.0031169999999747233,0.0,0.00011318383017785042
125,33.0,0.0017499999999017746,0.0,3.32264308170754e-05
126,24.0,0.0015419999999721767,0.0,0.00012180020304360799
127,41.0,0.00225799999998344,0.0,-8.973863913269112e-06
128,22.0,0.001213000000007014,0.0,0.00018059602062444154
129,12.0,0.0006839999998646817,0.0,0.0001316045759344074
130,34.0,0.001816000000189888,0.0,5.1316595773870865e-05
131,7.0,0.0004619999999704305,0.0,6.580228796720372e-05
132,9.0,0.0006929999999556458,0.0,6.0900101521804e-05
133,12.0,0.0006860000000870059,0.0,3.290114398360186e-05
134,41.0,0.002230000000054133,0.0,0.00011589374260013123
135,58.0,0.0039079999999103165,0.0,9.978159815025468e-05
136,6.0,0.00040399999988949276,0.0,0.000136689163747597
137,18.0,0.0011080000001584267,0.0,5.7946871300065616e-05
138,6.0,0.0003990000000158034,0.0,3.0450050760902e-05
139,20.0,0.0011509999999361753,0.0,1.6450571991800922e-05
140,4.0,0.00028399999996508996,0.0,0.00013774409784296905
141,7.0,0.0004610000000866421,0.0,1.5225025380451e-05
142,9.0,0.0006270000001222797,0.0,7.6125126902255e-06
143,7.0,0.000463999999965381,0.0,8.225285995900461e-06
144,81.0,0.004648999999972148,0.0,9.029801031222074e-05
145,38.0,0.0022259999998368585,0.0,-4.486931956634529e-06
146,44.0,0.0025509999998121202,0.0,2.2587308112847945e-05
147,40.0,0.0023360000000138825,0.0,6.83445818737985e-05
148,5.0,0.0004930000000058499,0.0,3.417229093689926e-05
149,53.0,0.0029680000000098516,0.0,0.00010995831828766454
150,39.0,0.0022469999998975254,0.0,0.0001709919743073214
151,15.0,0.0008820000000469008,0.0,0.00010583202693471371
152,19.0,0.0012520000000222353,0.0,-1.0268870062968359e-06
153,9.0,0.0007169999998950516,0.0,1.708614546844963e-05
154,37.0,0.0024639999999180873,0.0,7.161750557345993e-05
155,27.0,0.0016239999999925203,0.0,0.0001329616832070723
156,9.0,0.0006109999999353022,0.0,0.00012900552113176775
157,37.0,0.0022189999999682186,0.0,6.648084160353616e-05
158,5.0,0.00036100000011174416,0.0,0.00012291919651694527
159,4.0,0.00029600000016216654,0.0,3.324042080176808e-05
160,47.0,0.0027419999998983258,0.0,0.00019015390293663934
161,29.0,0.001665000000002692,0.0,1.662021040088404e-05
162,6.0,0.00040399999988949276,0.0,8.310105200442033e-06
163,6.0,0.00043000000005122274,0.0,4.1550526002210166e-06
164,15.0,0.0009220000001732842,0.0,2.0775263001104947e-06
165,5.0,0.000345999999808555,0.0,1.0387631500552474e-06
166,20.0,0.0011750000001029548,0.0,6.9145257386276e-05
167,16.0,0.0009289999998145504,0.0,7.308698996077709e-05
168,7.0,0.0004519999999956781,0.0,8.638985626072139e-05
169,6.0,0.0003930000000309519,0.0,0.00011309921139564423
170,58.0,0.003180999999813139,0.0,0.0001608664140061146
171,16.0,0.0010900000002038723,0.0,0.00011576012749416607
172,46.0,0.002647000000024491,0.0,-0.0001994604927633079
173,17.0,0.0009479999998802668,0.0,0.0001440355226481868
174,72.0,0.003872000000001208,0.0,0.00016359580939208896
175,12.0,0.0006800000001021544,0.0,0.00013201644938981572
176,113.0,0.006018999999923835,0.0,0.00012276094603484703
177,87.0,0.004854999999906795,0.0,0.00011862913812185417
178,8.0,0.0005200000000513683,0.0,0.00010182726054915769
179,9.0,0.0007209999998849526,0.0,0.0001805317786013378
180,35.0,0.0018640000000686996,0.0,5.0913630274578844e-05
181,16.0,0.000998999999865191,0.0,-0.00018056118586101504
182,31.0,0.0016470000000481377,0.0,0.0001412557025816815
183,19.0,0.001042000000097687,0.0,0.00016625737237275202
184,60.0,0.003255000000081054,0.0,0.00019867261068603437
185,7.0,0.00042900000016743434,0.0,2.5456815137289422e-05
186,33.0,0.001855999999861524,0.0,-0.00023652668513191494
187,4.0,0.00027199999999538704,0.0,7.062785129084074e-05
188,25.0,0.0014539999999669817,0.0,0.00021003667449143482
189,7.0,0.0004229999999552092,0.0,8.533608520605487e-05
190,41.0,0.0021970000000237633,0.0,0.00018322932037951475
191,8.0,0.0004750000000512955,0.0,7.758797964756118e-05
192,32.0,0.001707000000124026,0.0,9.035910224672235e-05
193,11.0,0.0006680000001324515,0.0,4.2668042603027435e-05
194,17.0,0.0009419999998954154,0.0,0.00011240660522065474
195,25.0,0.0013480000000072323,0.0,0.00015134798010369406
196,5.0,0.00032499999997526174,0.0,9.066076652539508e-05
197,12.0,0.0006809999999859428,0.0,0.00010858220608450712
198,4.0,0.00027399999999033753,0.0,4.533038326269754e-05
199,55.0,0.002901999999949112,0.0,8.265840848049186e-05
200,34.0,0.001870000000053551,0.0,4.132920424024593e-05
201,35.0,0.0018589999999676365,0.0,-0.0006589855712624297
202,11.0,0.000647999999955573,0.0,0.00014269320937718966
203,32.0,0.0017410000000381842,0.0,5.620330261032737e-05
204,5.0,0.0003400000000510772,0.0,0.00014293584244925696
205,34.0,0.0018489999999928841,0.0,0.0002052196307802497
206,18.0,0.0009979999999814027,0.0,0.0001256479409534931
207,46.0,0.0024679999999079882,0.0,0.00019534139279321844
208,51.0,0.002832000000125845,0.0,9.63511224834007e-06
209,41.0,0.00215699999989738,0.0,0.000133300423843796
210,26.0,0.0014770000000225991,0.0,6.6650211921898e-05
211,28.0,0.0015780000001086592,0.0,3.332510596094901e-05
212,29.0,0.0015899999998509884,0.0,0.00014065108195985887
213,30.0,0.0018410000000130822,0.0,-0.0007931283248360616
214,25.0,0.0013489999998910207,0.0,-0.00018198692332377185
215,21.0,0.0011469999999462743,0.0,0.00010631866548260302
216,24.0,0.0016359999999622232,0.0,0.0001053556850395334
217,36.0,0.00204200000007404,0.0,9.594808280519674e-05
218,12.0,0.0007800000000770524,0.0,9.542784835728214e-05
219,8.0,0.0005129999999553547,0.0,0.00014266322873283986
220,29.0,0.001665000000002692,0.0,0.00023510873984057247
221,26.0,0.0015280000000075233,0.0,0.00016067673744923
222,9.0,0.0005659999999352294,0.0,0.00012762466797972292
223,12.0,0.0007160000000112632,0.0,5.2677842519766705e-05
224,39.0,0.0021919999999227002,0.0,4.771392417864107e-05
225,4.0,0.0002919999999448919,0.0,0.00013100551903300886
226,13.0,0.0007709999999860884,0.0,0.00010322167492574831
227,15.0,0.0009800000000268483,0.0,0.00014304199880344777
228,30.0,0.0017029999999067513,0.0,0.00018137584650363463
229,56.0,0.0031340000000454893,0.0,-2.2434659783172645e-06
230,23.0,0.0014400000000023283,0.0,7.152099940172389e-05
231,20.0,0.0011449999999513238,0.0,0.00023759847362027098
232,13.0,0.000841000000036729,0.0,8.511099846390253e-05
233,31.0,0.0017560000001139997,0.0,0.00013350551901027187
234,16.0,0.000941000000011627,0.0,0.0001408221841908866
235,23.0,0.0013899999999011925,0.0,7.041109209544332e-05
236,18.0,0.0011560000000372384,0.0,-0.00010425742409968247
237,22.0,0.0013579999999819847,0.0,4.255549923195127e-05
238,18.0,0.001040999999986525,0.0,0.00011492382040999762
239,11.0,0.0006730000000061409,0.0,0.00013851768665915627
240,6.0,0.0005750000000261934,0.0,5.746191020499881e-05
241,6.0,0.00045799999998052954,0.0,2.87309551024994e-05
242,18.0,0.0012100000001282751,0.0,1.43654775512497e-05
243,9.0,0.0005289999999149586,0.0,0.00010480071864743597
244,24.0,0.001295999999911146,0.0,6.434539571693681e-06
245,18.0,0.0010549999999511783,0.0,5.533920155206591e-05
246,20.0,0.0013229999999566644,0.0,9.767069639660922e-05
247,99.0,0.005402000000003682,0.0,-0.0002890179273604087
248,15.0,0.0008430000000316795,0.0,6.656976392055689e-05
249,22.0,0.001198999999814987,0.0,-4.311857211990584e-05
250,61.0,0.003293999999868902,0.0,-0.0002325409572643072
251,21.0,0.001151000000163549,0.0,0.00010645413048909721
252,14.0,0.0008349999998245039,0.0,3.328488196027845e-05
253,20.0,0.0011560000000372384,0.0,0.00011316426094470214
254,10.0,0.0006449999998494604,0.0,9.453107096120487e-05
255,26.0,0.001399999999875945,0.0,0.0001387849352019012
256,18.0,0.001121000000011918,0.0,0.00019720668023499567
257,11.0,0.000630999999884807,0.0,9.47231741768106e-05
258,15.0,0.0008569999999963329,0.0,7.606683986996661e-05
259,25.0,0.001500999999962005,0.0,0.00024072474713302805
260,4.0,0.0002770000000964501,0.0,9.132084357781754e-05
261,21.0,0.0011930000000575092,0.0,-0.0001182633425659575
262,32.0,0.0017500000001291482,0.0,0.0001797448935809602
263,8.0,0.00047800000015740807,0.0,0.00014104049834925248
264,16.0,0.001007999999956155,0.0,0.00023291931955544346
265,14.0,0.0007809999999608408,0.0,6.93924676009506e-05
266,12.0,0.0008350000000518776,0.0,0.0001160395232608742
267,29.0,0.001558999999815569,0.0,0.00010759584148529476
268,15.0,0.000863000000208558,0.0,0.00011645965977772173
269,12.0,0.0006829999999808933,0.0,0.0001193952610425147
270,29.0,0.0015920000000733125,0.0,5.969763052125735e-05
271,12.0,0.000758000000132597,0.0,9.613739735960013e-05
272,61.0,0.0034849999999551073,0.0,-5.9337538137500616e-05
273,11.0,0.0006300000000010186,0.0,0.00010967011634538
274,52.0,0.0027239999999437714,0.0,-9.433804999049532e-05
275,19.0,0.0010429999999814754,0.0,0.00011909946156883767
276,20.0,0.0010910000000876607,0.0,8.63379364742468e-05
277,28.0,0.0016399999999521242,0.0,0.00013956623125320307
278,8.0,0.0004750000000512955,0.0,6.978311562660153e-05
279,9.0,0.0005300000000261207,0.0,0.00017915144729242972
280,27.0,0.0014540000001943554,0.0,5.483505817269e-05
281,9.0,0.0006450000000768341,0.0,8.65038467647025e-05
282,14.0,0.0008219999999710126,0.0,0.0001152619005786275
283,12.0,0.0007150000001274748,0.0,4.325192338235125e-05
284,12.0,0.0007960000000366563,0.0,0.00016914467863916435
285,46.0,0.0024650000000292493,0.0,8.235714671348424e-05
286,25.0,0.0013529999998809217,0.0,0.00017730193836994093
287,11.0,0.0006680000001324515,0.0,0.00014026721756874155
288,46.0,0.0025000000000545697,0.0,3.469623380047531e-05
289,6.0,0.00037700000007134804,0.0,0.00013540347268134334
290,28.0,0.0016520000001492008,0.0,0.00010984055258863752
291,17.0,0.0009379999999055144,0.0,4.117857335674212e-05
292,24.0,0.0012929999998050334,0.0,6.22959849447964e-05
293,13.0,0.0007299999999759166,0.0,0.00013010206307670962
294,11.0,0.0006280000000060681,0.0,0.00015552555962925683
295,20.0,0.0011560000000372384,0.0,8.865096918497046e-05
296,55.0,0.003132000000050539,0.0,-0.0004896578700656169
297,21.0,0.0011469999999462743,0.0,0.00012478019351647512
298,14.0,0.0007909999999355932,0.0,0.00010292893190198371
299,12.0,0.0007250000001022272,0.0,0.00014120700730638696
300,4.0,0.00027099999988422496,0.0,5.1464465950991855e-05
301,6.0,0.000371999999970285,0.0,2.5732232975495927e-05
302,23.0,0.0012770000000728032,0.0,2.0589286678371067e-05
303,4.0,0.00027099999988422496,0.0,1.2866116487747964e-05
304,28.0,0.0015339999999923748,0.0,3.199453095764122e-05
305,27.0,0.0014439999999922293,0.0,8.351417309749233e-05
306,11.0,0.0006319999999959691,0.0,0.00020886235965007725
307,12.0,0.0007800000000770524,0.0,7.776277981462842e-05
308,17.0,0.0010179999999309075,0.0,3.888138990731422e-05
309,46.0,0.0026700000000801083,0.0,-9.973024638165393e-05
310,23.0,0.00130500000000211,0.0,0.00010667203051092933
311,29.0,0.001636000000189597,0.0,0.00013651798804385627
312,42.0,0.0023719999999229913,0.0,1.9440694953657084e-05
313,8.0,0.0005020000000968139,0.0,0.0001379925343195536
314,44.0,0.002529999999978827,0.0,0.0001305083966273805
315,19.0,0.0011080000001584267,0.0,7.45233211693807e-05
316,8.0,0.0005179999998290441,0.0,0.00010096618210228195
317,7.0,0.00048500000002604793,0.0,0.00014048709664766758
318,33.0,0.0018890000001192675,0.0,8.519235138658711e-05
319,19.0,0.0010889999998653366,0.0,1.734811690023763e-05
320,43.0,0.0025279999999838765,0.0,0.00016143976329294633
321,39.0,0.0021679999999832944,0.0,0.00014242718301259803
322,16.0,0.0009609999999611318,0.0,8.207410522238578e-05
323,13.0,0.0007920000000467553,0.0,0.00012362245873992776
324,14.0,0.0008669999999710853,0.0,4.432548459248523e-05
325,26.0,0.0015819999998711864,0.0,4.103705261119289e-05
326,85.0,0.00494299999991199,0.0,9.720347476828569e-06
327,31.0,0.00186600000006365,0.0,0.00010135541444494648
328,44.0,0.002504999999928259,0.0,-0.00010126173785528859
329,12.0,0.000735999999960768,0.0,5.067770722247324e-05
330,7.0,0.0004470000001219887,0.0,8.343780975527646e-05
331,12.0,0.0007109999999102001,0.0,0.00014151128400512853
332,6.0,0.0003960000001370645,0.0,7.075564200256427e-05
333,5.0,0.00033999999982370355,0.0,4.171890487763823e-05
334,10.0,0.0006049999999504507,0.0,7.933342335126199e-05
335,4.0,0.0002829999998539279,0.0,3.537782100128213e-05
336,39.0,0.002238000000033935,0.0,-0.0007981757500340563
337,14.0,0.0007860000000619038,0.0,4.860173738414312e-06
338,5.0,0.00032200000009652285,0.0,1.7688910500641053e-05
339,5.0,0.00032299999998031126,0.0,9.007529485608307e-05
340,4.0,0.0002770000000964501,0.0,4.503764742804154e-05
341,9.0,0.0006099999998241401,0.0,8.072009073650997e-05
342,16.0,0.0009219999999459105,0.0,4.036004536825498e-05
343,7.0,0.0004249999999501597,0.0,8.844455250320526e-06
344,14.0,0.0007969999999204447,0.0,0.00021850385567401357
345,18.0,0.0010070000000723667,0.0,7.3849923812846e-05
346,5.0,0.00032499999997526174,0.0,3.6924961906423004e-05
347,21.0,0.0012799999999515421,0.0,9.842139814746549e-05
348,25.0,0.0013530000001082954,0.0,0.0001663833228458751
349,44.0,0.002430000000003929,0.0,0.00024238403896071543
350,4.0,0.0002750000001014996,0.0,0.0001411254502987151
351,4.0,0.00033800000005612674,0.0,7.056272514935755e-05
352,19.0,0.0011299999998755084,0.0,0.00012315398555762415
353,32.0,0.0017510000000129367,0.0,0.00011839897085068362
354,6.0,0.00037700000007134804,0.0,8.820363666802373e-05
355,6.0,0.00037700000007134804,0.0,0.000141163493489423
356,21.0,0.0011469999999462743,0.0,8.319166142293754e-05
357,36.0,0.002059000000144806,0.0,3.8033419934983305e-05
358,39.0,0.002731000000039785,0.0,0.00013000500429917643
359,19.0,0.0010569999999461288,0.0,-5.212871204984126e-05
360,11.0,0.0006369999998696585,0.0,0.00012102356489889614
361,29.0,0.001596999999947002,0.0,8.231850111239329e-05
362,42.0,0.0023139999998420535,0.0,5.492027629431877e-05
363,11.0,0.0011219999998957064,0.0,5.919948542534181e-05
364,25.0,0.0014160000000629225,0.0,0.0002150695724326892
365,39.0,0.0021320000000741857,0.0,0.00012119201948035773
366,14.0,0.0007869999999456923,0.0,6.059600974017888e-05
367,8.0,0.00048599999990983633,0.0,0.00018984693301473047
368,15.0,0.0010469999999713764,0.0,0.0001233181525919958
369,12.0,0.0006920000000718574,0.0,0.00013770737483947927
370,17.0,0.000950000000102591,0.0,0.00012876157298169862
371,9.0,0.0005430000001069857,0.0,0.00012310477660494327
372,20.0,0.001115999999910855,0.0,0.0002322952624292936
373,10.0,0.0007060000000365108,0.0,0.0002541260017755545
374,57.0,0.0031810000000405125,0.0,4.159583071146878e-05
375,13.0,0.0007940000000417058,0.0,6.438078649084933e-05
376,25.0,0.0013679999999567372,0.0,6.155238830247163e-05
377,19.0,0.0010469999999713764,0.0,0.0001328484032579552
378,39.0,0.0020730000001094595,0.0,0.00021188446259870602
379,24.0,0.0013870000000224536,0.0,0.00012827487432379349
380,12.0,0.0006929999999556458,0.0,0.00014198500089614326
381,14.0,0.0007859999998345302,0.0,0.00012706300088777728
382,5.0,0.0003339999998388521,0.0,7.099250044807163e-05
383,35.0,0.0019150000000536238,0.0,0.00016519809830123193
384,24.0,0.00130500000000211,0.0,0.00010050459681714192
385,10.0,0.0005850000000009459,0.0,0.00020519727053855335
386,50.0,0.0028239999999186693,0.0,0.00014111653092998633
387,11.0,0.0006350000001020817,0.0,0.00010701017007476251
388,8.0,0.0005189999999402062,0.0,5.350508503738127e-05
389,28.0,0.0015339999999923748,0.0,0.00017264704577186558
390,45.0,0.002632999999832464,0.0,-5.913167128297872e-05
391,35.0,0.001875000000154614,0.0,0.00010594223129935303
392,11.0,0.0008150000001023727,0.0,0.00013601368866930083
393,20.0,0.001115999999910855,0.0,0.00011413023273268464
394,9.0,0.0005330000001322333,0.0,0.00014207091956507293
395,32.0,0.0017490000000179862,0.0,0.00019001370736128272
396,9.0,0.0006169999999201536,0.0,0.00010525267220113914
397,20.0,0.0011929999998301355,0.0,0.00013200413638841236
398,25.0,0.0015500000001793524,0.0,0.00010560784534454298
399,10.0,0.0006210000001374283,0.0,0.00013027640423459485
400,7.0,0.00045499999987441697,0.0,6.600206819420618e-05
401,68.0,0.0038030000000617292,0.0,0.00011821904077683105
402,13.0,0.0007960000000366563,0.0,0.00011355076199733423
403,13.0,0.0007789999999658903,0.0,5.9109520388415525e-05
404,20.0,0.001366999999845575,0.0,0.00012134710175336415
405,6.0,0.0003930000000309519,0.0,0.00010071295362808406
406,8.0,0.0005069999999705033,0.0,5.6775380998667116e-05
407,6.0,0.0003970000000208529,0.0,2.8387690499333558e-05
408,20.0,0.0011630000001332519,0.0,0.0001399323561274338
409,11.0,0.0006619999999202264,0.0,7.473091744856937e-05
410,20.0,0.0011509999999361753,0.0,9.652598042835898e-05
411,73.0,0.004292000000077678,0.0,0.0001525586954913713
412,18.0,0.0010459999998602143,0.0,0.00026874607872688915
413,17.0,0.0010010000000875152,0.0,0.00011834995315052388
414,10.0,0.0006130000001576263,0.0,0.00013437303936344457
415,29.0,0.001767999999856329,0.0,2.7460138147159386e-05
416,8.0,0.0005499999999756255,0.0,9.793095065479737e-05
417,20.0,0.0011609999999109277,0.0,6.71865196817223e-05
418,11.0,0.0006640000001425506,0.0,4.896547532739869e-05
419,26.0,0.0015300000000024738,0.0,0.00016146238513919535
420,4.0,0.00027399999999033753,0.0,8.405634181548254e-05
421,20.0,0.0010959999999613501,0.0,0.0001280039335897076
422,11.0,0.0006289999998898566,0.0,6.400196679485381e-05
423,9.0,0.000678000000107204,0.0,0.00011147177202759488
424,4.0,0.00027199999999538704,0.0,9.036965985113155e-05
425,28.0,0.0016450000000531873,0.0,0.0001429911132747238
426,14.0,0.0007880000000568543,0.0,5.573588601379744e-05
427,9.0,0.0005699999999251304,0.0,0.0001434964335419011
428,22.0,0.001287999999931344,0.0,9.270266216044347e-05
429,16.0,0.0008930000001328153,0.0,0.00011737279567110787
430,27.0,0.0015289999998913117,0.0,2.786794300689872e-05
431,54.0,0.0029500000000552973,0.0,0.00012008862514478051
432,23.0,0.0013280000000577274,0.0,7.149555663736191e-05
433,9.0,0.0005289999999149586,0.0,3.574777831868096e-05
434,34.0,0.0018909999998868443,0.0,0.00018425375680122547
435,19.0,0.0011629999999058782,0.0,0.00014233953860730853
436,16.0,0.0009230000000570726,0.0,1.7873889159340485e-05
437,26.0,0.0016279999999824213,0.0,0.0001178406836178602
438,6.0,0.0007630000000062864,0.0,0.0001335624798422806
439,26.0,0.002068999999892185,0.0,0.00025834651901908944
440,23.0,0.0018800000000283035,0.0,0.00020098808408230314
441,25.0,0.0017270000000735308,0.0,7.627934774568566e-05
442,14.0,0.001984999999876891,0.0,0.00013391323261021314
443,26.0,0.0015530000000580912,0.0,3.81396738728428e-05
444,54.0,0.0033320000000003347,0.0,0.0001054842225262405
445,9.0,0.0005419999999958236,0.0,0.00010978614422603499
446,11.0,0.0006739999998899293,0.0,5.2742111263120236e-05
447,18.0,0.0011440000000675354,0.0,0.00020467730356045702
448,7.0,0.0004310000001623848,0.0,0.00012682123962864003
449,19.0,0.0010969999998451385,0.0,0.00012191083458431003
450,9.0,0.0005349999998998101,0.0,9.880543486928486e-05
451,5.0,0.0003299999998489511,0.0,4.940271743464243e-05
452,19.0,0.0010850000001028093,0.0,2.0797915355734404e-05
453,26.0,0.0014029999999820575,0.0,0.00011509627240714164
454,16.0,0.000933000000031825,0.0,0.0001328782661778079
455,9.0,0.0005280000000311702,0.0,6.643913308890394e-05
456,14.0,0.0007860000000619038,0.0,0.00012439625439423287
457,5.0,0.00032599999985905015,0.0,0.00012248437020937549
458,15.0,0.0009919999999965512,0.0,9.620130477941047e-05
459,11.0,0.0006679999999050779,0.0,6.124218510468774e-05
460,10.0,0.0005830000000059954,0.0,3.062109255234387e-05
461,29.0,0.0017219999999724678,0.0,0.0002756803637540875
462,22.0,0.0011979999999311985,0.0,0.00014265235749121328
463,21.0,0.0011839999999665451,0.0,1.0398957677867216e-05
464,13.0,0.000734999999849606,0.0,7.132617874560664e-05
465,16.0,0.0009000000000014552,0.0,7.589876892514141e-05
466,14.0,0.0007949999999254942,0.0,6.219812719711642e-05
467,16.0,0.0010130000000572181,0.0,0.00011336643078438359
468,47.0,0.002572000000100161,0.0,0.00021026374727454184
469,15.0,0.0008879999998043786,0.0,0.00019308329933148173
470,19.0,0.001132999999981621,0.0,0.00013629354109287426
471,15.0,0.000849000000016531,0.0,0.00021891007214980588
472,22.0,0.0012010000000373111,0.0,0.0001376746650791272
473,14.0,0.0007889999999406427,0.0,6.814677054643713e-05
474,7.0,0.00042900000016743434,0.0,6.88373325395636e-05
475,24.0,0.0013069999999970605,0.0,0.00019012325786263911
476,25.0,0.0013599999999769352,0.0,0.0002091290517385678
477,39.0,0.0021970000000237633,0.0,0.00013009335823163076
478,6.0,0.0004089999999905558,0.0,0.00012913179341406383
479,65.0,0.003517000000101689,0.0,0.00018564466208218053
480,27.0,0.0014559999999619322,0.0,9.654164966574086e-05
481,17.0,0.0009999999999763531,0.0,0.00010831819669477032
482,34.0,0.001931999999897016,0.0,0.00014017789446804231
483,31.0,0.0017669999999725405,0.0,5.199478838933594e-06
484,16.0,0.0008900000000267028,0.0,0.00020749969841087385
485,44.0,0.0030799999999544525,0.0,0.00014069823981138427
486,136.0,0.00775500000008833,0.0,0.00020014630403415024
487,19.0,0.0011030000000573636,0.0,0.00010007315201707509
488,11.0,0.0006670000000212895,0.0,0.00014183117500865728
489,38.0,0.002130000000079235,0.0,9.70661617281886e-05
490,12.0,0.0007190000001173757,0.0,4.85330808640943e-05
491,8.0,0.0006590000000414875,0.0,0.00013882232287844228
492,24.0,0.001414000000067972,0.0,0.00014257641982654915
493,51.0,0.002879000000120868,0.0,5.0036576008537546e-05
494,25.0,0.0014249999999265128,0.0,0.00016703333736674134
495,18.0,0.0010529999999562278,0.0,0.0001242357593119359
496,11.0,0.0006679999999050779,0.0,6.443916010799786e-05
497,10.0,0.0006129999999302527,0.0,0.0001406806861482907
498,30.0,0.0017450000000280852,0.0,-1.835670242288079e-05
499,13.0,0.0008159999999861611,0.0,3.221958005399893e-05
500,47.0,0.0026239999999688735,0.0,0.0001331599793540632
501,16.0,0.000933000000031825,0.0,6.65799896770316e-05
502,23.0,0.001320999999961714,0.0,2.5997394194668107e-06
503,30.0,0.0017889999999169959,0.0,0.00014023671708885966
504,42.0,0.0024649999998018757,0.0,0.0001222605978919724
505,13.0,0.0008430000000316795,0.0,7.011835854442983e-05
506,20.0,0.0011849999998503336,0.0,2.5018288004268786e-05
507,39.0,0.0023109999999633146,0.0,1.90698369364214e-05
508,14.0,0.000831999999945765,0.0,0.00021103738197786372
509,28.0,0.0016219999999975698,0.0,0.00011636262731795664
510,60.0,0.003319999999803258,0.0,6.174684361949013e-05
511,18.0,0.0010509999999612774,0.0,6.113029894598619e-05
512,17.0,0.0009820000000217988,0.0,0.0001436249855509868
513,10.0,0.0006189999999151041,0.0,0.00013190662554243886
514,18.0,0.0010589999999410793,0.0,0.0001248297829129434
515,38.0,0.0021610000001146545,0.0,7.18124927754934e-05
516,6.0,0.0003959999999096908,0.0,6.24148914564717e-05
517,95.0,0.005561000000170679,0.0,8.775788530216268e-05
518,26.0,0.001471999999921536,0.0,9.127401943231385e-05
519,12.0,0.0007459999999355205,0.0,0.0001440234848897186
520,18.0,0.0010469999999713764,0.0,7.607377300179426e-05
521,9.0,0.0005579999999554275,0.0,4.5637009716156926e-05
522,20.0,0.0011540000000422879,0.0,1.2509144002134393e-05
523,60.0,0.003459000000020751,0.0,0.00013704289764391485
524,42.0,0.0024029999999584106,0.0,0.00010551869098893185
525,21.0,0.001205000000027212,0.0,0.00017854118718105725
526,25.0,0.0014639999999417341,0.0,8.927059359052861e-05
527,23.0,0.001287999999931344,0.0,7.20117424448593e-05
528,37.0,0.002038000000084139,0.0,3.6005871222429654e-05
529,43.0,0.002479999999877691,0.0,0.0001132863436089769
530,15.0,0.000835999999935666,0.0,1.800293561121484e-05
531,19.0,0.0010509999999612774,0.0,5.6643171804488435e-05
532,15.0,0.0008390000000417785,0.0,9.00146780560742e-06
533,43.0,0.002531000000089989,0.0,0.00014413204126301866
534,25.0,0.0013420000000223808,0.0,0.00021525254109430243
535,6.0,0.0003790000000662985,0.0,0.00010655159842911398
536,4.0,0.00027100000011159864,0.0,5.327579921455698e-05
537,50.0,0.002686000000039712,0.0,0.00010762627054715123
538,14.0,0.0007880000000568543,0.0,0.0001323802143461479
539,11.0,0.0006300000000010186,0.0,6.619010717307395e-05
540,61.0,0.0032919999998739513,0.0,0.00011382621742047585
541,15.0,0.0008740000000670989,0.0,5.691310871023793e-05
542,8.0,0.000477000000046246,0.0,0.00014350556126543782
543,16.0,0.0008860000000368018,0.0,0.00012652945872542874
544,9.0,0.0005380000000059226,0.0,0.00014245366789544025
545,21.0,0.0011759999999867432,0.0,0.00010356128173026372
546,9.0,0.0005349999998998101,0.0,0.00010556726097448509
547,10.0,0.000687000000198168,0.0,6.852144882195743e-05
548,22.0,0.0012739999999666907,0.0,0.00013804832802853816
549,4.0,0.00027199999999538704,0.0,5.178064086513186e-05
550,13.0,0.0007379999999557185,0.0,2.5890320432565936e-05
551,8.0,0.00048300000003109744,0.0,1.2945160216282968e-05
552,10.0,0.0006160000000363652,0.0,0.00012376919066222258
553,14.0,0.0007880000000568543,0.0,0.00011880251316583417
554,33.0,0.00176499999997759,0.0,5.381313527357562e-05
555,12.0,0.000678000000107204,0.0,0.00013593696730833588
556,47.0,0.0024750000000040018,0.0,0.00013259889495890445
557,12.0,0.0007219999999961146,0.0,0.00010729002468648708
558,14.0,0.0007880000000568543,0.0,8.261683767383974e-05
559,11.0,0.0008669999999710853,0.0,9.85042007466838e-05
560,27.0,0.001492999999982203,0.0,5.364501234324354e-05
561,8.0,0.0004759999999350839,0.0,0.00013703152594377244
562,7.0,0.00043299999992996163,0.0,2.682250617162177e-05
563,10.0,0.0005750000000261934,0.0,0.00010477666212651516
564,7.0,0.00043099999993501115,0.0,0.00014437650634997103
565,26.0,0.0016000000000531145,0.0,0.0001432850266407877
566,29.0,0.0017510000000129367,0.0,-1.1217329891586051e-06
567,29.0,0.0015840000000935106,0.0,0.00010512088195311857
568,20.0,0.0011549999999260763,0.0,4.925210037334189e-05
569,10.0,0.0006200000000262662,0.0,8.899485064294449e-05
570,12.0,0.0008159999999861611,0.0,0.0001079730942993378
571,16.0,0.0010280000001330336,0.0,0.0001192440692754818
572,6.0,0.0004109999999855063,0.0,5.3986547149668896e-05
573,53.0,0.003080000000181826,0.0,3.21385144319964e-05
574,21.0,0.0012150000000019645,0.0,0.00016986868709337581
575,35.0,0.0020170000000234722,0.0,0.00013742167056152944
576,6.0,0.0003959999999096908,0.0,6.871083528076472e-05
577,7.0,0.0004529999998794665,0.0,3.4355417640382366e-05
578,51.0,0.002977999999984604,0.0,9.534918468210728e-06
579,47.0,0.0026869999999235006,0.0,-0.0003940443553837823
580,16.0,0.0009430000000065775,0.0,0.00011870941300848783
581,5.0,0.0003440000000409782,0.0,0.00014028842549728427
582,18.0,0.0010479999998551648,0.0,3.0873421809745065e-05
583,13.0,0.0009230000000570726,0.0,0.00010049264223750099
584,15.0,0.0008849999999256397,0.0,5.935470650424393e-05
585,14.0,0.0008350000000518776,0.0,0.0001268467914785881
586,32.0,0.0018420000001242443,0.0,0.00022351351751391478
587,16.0,0.0009609999999611318,0.0,0.00024216013066168538
588,8.0,0.0005119999998441926,0.0,0.0001218053826143507
589,42.0,0.002549999999928332,0.0,5.9797214818364726e-05
590,16.0,0.0009640000000672444,0.0,0.00012298090338922697
591,35.0,0.0019549999999526335,0.0,6.090269130717536e-05
592,25.0,0.0014559999999619322,0.0,0.00021029771255669932
593,21.0,0.0015489999998408166,0.0,0.00013791096457481137
594,18.0,0.0011150000000270666,0.0,0.00012360605723873465
595,24.0,0.001306000000113272,0.0,0.00013226220696561057
596,25.0,0.0015099999998255953,0.0,8.4636080441959e-05
597,96.0,0.005016999999952532,0.0,8.444869247462372e-05
598,27.0,0.0015439999999671272,0.0,0.00013517011617650821
599,23.0,0.0012490000001434964,0.0,0.00013197721573285573
600,15.0,0.0008460000001377921,0.0,0.0001946588506697896
601,15.0,0.0009009999998852436,0.0,6.598860786642787e-05
602,23.0,0.0012850000000526052,0.0,0.00014070022710505127
603,7.0,0.0006300000000010186,0.0,0.00010652399649976321
604,13.0,0.0007419999999456195,0.0,9.673078799245886e-05
605,31.0,0.00187299999993229,0.0,9.628072484971201e-05
606,20.0,0.0011769999998705316,0.0,0.00011370348173992352
607,8.0,0.0004910000000108994,0.0,0.00018132365866716156
608,4.0,0.00027499999987412593,0.0,0.00011709612247258235
609,6.0,0.00037500000007639755,0.0,0.0001249389281362642
610,53.0,0.002829999999903521,0.0,9.066182933358078e-05
611,16.0,0.0008900000000267028,0.0,0.00018202917314339537
612,116.0,0.006251000000020213,0.0,9.755096841048344e-05
613,12.0,0.0006920000000718574,0.0,0.00014218253777409604
614,29.0,0.001963000000159809,0.0,4.222434623731187e-05
615,37.0,0.0022309999999379215,0.0,0.00011223828286479283
616,19.0,0.0010469999999713764,0.0,4.877548420524172e-05
617,53.0,0.003112000000101034,0.0,1.6069257215998187e-05
618,60.0,0.0031799999999293505,0.0,9.10145865716977e-05
619,13.0,0.0008249999998497515,0.0,0.00010090401685126498
620,20.0,0.001383999999916341,0.0,4.533091466679039e-05
621,13.0,0.0007769999999709398,0.0,2.438774210262086e-05
622,36.0,0.0019219999999222637,0.0,7.419574111138782e-05
623,17.0,0.000941000000011627,0.0,0.00014142264958757016
624,19.0,0.001113000000032116,0.0,8.838380094479726e-05
625,11.0,0.0006710000000111904,0.0,4.419190047239864e-05
626,14.0,0.0008569999999963329,0.0,4.550729328584884e-05
627,13.0,0.000735999999960768,0.0,8.063701190289541e-05
628,53.0,0.0028600000000551518,0.0,0.0001239052660110107
629,16.0,0.0008900000000267028,0.0,6.195263300550536e-05
630,12.0,0.0007189999998900021,0.0,2.2753646642924432e-05
631,8.0,0.0006719999998949788,0.0,9.704886055149074e-05
632,26.0,0.0015200000000277214,0.0,0.00018313079752582272
633,35.0,0.001956999999947584,0.0,0.00011574621556176787
634,36.0,0.0019059999999626598,0.0,6.940452519321857e-06
635,8.0,0.0004759999999350839,0.0,1.1376823321462202e-05
636,20.0,0.001138000000082684,0.0,0.00012737490355530033
637,15.0,0.0008350000000518776,0.0,9.895395542973363e-05
638,37.0,0.002231000000165295,0.0,6.368745177765016e-05
639,41.0,0.0022450000001299486,0.0,1.5436710904872533e-05
640,27.0,0.001498000000083266,0.0,0.0001436980711602172
641,19.0,0.0010480000000825385,0.0,7.18490355801086e-05
642,18.0,0.0010259999999107094,0.0,3.184372588882508e-05
643,9.0,0.0005359999997835985,0.0,3.59245177900543e-05
644,17.0,0.0010030000000824657,0.0,9.435388612165886e-05
645,41.0,0.0022799999999278953,0.0,0.00012356502473910303
646,30.0,0.0018419999998968706,0.0,9.70711291753221e-05
647,49.0,0.0025749999999788997,0.0,0.00011004444906732505
648,18.0,0.0009919999999965512,0.0,0.00022933156309289275
649,49.0,0.002805999999964115,0.0,0.00019323159391822456
650,29.0,0.0016979999998056883,0.0,0.00013116468142422555
651,21.0,0.0011410000001887965,0.0,0.00010654927851904295
652,43.0,0.0028600000000551518,0.0,0.0002338965924437874
653,6.0,0.0003979999999046413,0.0,0.00014218556875723334
654,15.0,0.0009270000000469736,0.0,0.00012286034044945338
655,12.0,0.0007540000001426961,0.0,0.0001218334607041999
656,4.0,0.00032299999998031126,0.0,0.00012535333635451383
657,34.0,0.0019469999999728316,0.0,6.14301702247267e-05
658,17.0,0.001109000000042215,0.0,3.0715085112363344e-05
659,16.0,0.0011200000001281296,0.0,0.00020249846254786049
660,13.0,0.0007749999999759893,0.0,0.0001401496073658673
661,9.0,0.0007100000000264117,0.0,1.5357542556181672e-05
662,15.0,0.0008930000001328153,0.0,7.678771278090823e-06
663,21.0,0.0012429999999312713,0.0,7.00783422035969e-05
664,43.0,0.0024319999999988795,0.0,0.0002677785959487814
665,26.0,0.0015519999999469292,0.0,0.0001222133918892628
666,8.0,0.000551999999970576,0.0,3.503917110179845e-05
667,9.0,0.0006049999999504507,0.0,1.7519585550899238e-05
668,9.0,0.0005710000000362925,0.0,9.988490462525786e-05
669,22.0,0.0014730000000326982,0.0,9.433871138628872e-05
670,19.0,0.0011259999998856074,0.0,0.00011598095324497174
671,7.0,0.0004870000000209984,0.0,7.296313192909144e-05
672,38.0,0.002248999999892476,0.0,0.00013947501770668832
673,5.0,0.0004200000000764703,0.0,6.973750885334417e-05
674,39.0,0.0024740000001202134,0.0,0.00013580315372147084
675,13.0,0.0008289999998396524,0.0,6.790157686073542e-05
676,26.0,0.0015750000000025466,0.0,0.00014026375989303262
677,18.0,0.0010730000001331064,0.0,0.00014380435222056105
678,13.0,0.0007940000000417058,0.0,7.013187994651631e-05
679,45.0,0.002612999999882959,0.0,0.00016869355262933957
680,41.0,0.0023349999999027204,0.0,-0.00032949278563121484
681,23.0,0.0013030000000071595,0.0,7.190217611028054e-05
682,51.0,0.0028590000001713634,0.0,0.00013575714083805806
683,46.0,0.002621999999973923,0.0,-0.00019702217769189113
684,22.0,0.001242000000047483,0.0,0.00027432419210974895
685,41.0,0.0021799999999529973,0.0,0.00013565875581320055
686,9.0,0.0005300000000261207,0.0,6.782937790660028e-05
687,19.0,0.001044999999976426,0.0,0.00016183884871668718
688,9.0,0.0005280000000311702,0.0,0.00012318064068741577
689,32.0,0.001742999999805761,0.0,0.00013193619975472118
690,55.0,0.003075000000080763,0.0,0.00024161680797434254
691,20.0,0.0011279999998805579,0.0,0.0001394748139702412
692,82.0,0.004413999999997031,0.0,8.467543044047903e-05
693,18.0,0.001199999999926149,0.0,6.091673035209995e-05
694,16.0,0.0008949999999003921,0.0,0.00014012117225195027
695,24.0,0.0013420000000223808,0.0,0.0001681651390133204
696,53.0,0.0028210000000399305,0.0,0.00012492966518115064
697,65.0,0.003433999999970183,0.0,0.00014073934668231623
698,17.0,0.0014380000000073778,0.0,0.00014067211924793273
699,46.0,0.002455000000054497,0.0,7.033605962396637e-05
700,13.0,0.0007780000000821019,0.0,8.49904655780137e-05
701,22.0,0.001330000000052678,0.0,0.0002093089621446547
702,13.0,0.000783000000183165,0.0,0.00012540017971269417
703,21.0,0.0013449999999011197,0.0,4.2495232789006854e-05
704,4.0,0.00027399999999033753,0.0,0.00012722560057016783
705,7.0,0.0004489999998895655,0.0,0.00010329041576672085
706,6.0,0.00037700000007134804,0.0,5.164520788336041e-05
707,8.0,0.000477000000046246,0.0,6.361280028508393e-05
708,18.0,0.001019999999925858,0.0,0.0002115111882811206
709,7.0,0.0004279999998288986,0.0,3.180640014254196e-05
710,20.0,0.0011279999998805579,0.0,0.00013430454784298974
711,23.0,0.0014370000001235894,0.0,0.0001246482190525495
712,21.0,0.0011400000000776345,0.0,0.0001316109545218531
713,16.0,0.0009039999999913562,0.0,0.00011120625130788838
714,8.0,0.000546999999869513,0.0,6.715227392149489e-05
715,8.0,0.0004799999999249849,0.0,9.909227541546503e-05
716,23.0,0.0012440000000424334,0.0,0.00011723365950457631
717,14.0,0.0007840000000669534,0.0,0.0001232484314726107
718,11.0,0.0006280000000060681,0.0,5.8616829752288155e-05
719,43.0,0.002371000000039203,0.0,0.00027278995955905467
720,39.0,0.002103999999917505,0.0,0.0001363949797795273
721,23.0,0.0012509999999110732,0.0,6.819748988976367e-05
722,7.0,0.00042800000005627226,0.0,0.00012717817726596957
723,18.0,0.0009990000000925647,0.0,0.0002030760005495948
724,45.0,0.002543000000059692,0.0,0.0001586774685041897
725,16.0,0.0009200000001783337,0.0,0.00017630781103327418
726,7.0,0.00042600000006132177,0.0,0.00012238342599320414
727,15.0,0.0008430000000316795,0.0,0.0001019428906262862
728,20.0,0.0011910000000625587,0.0,7.933873425209487e-05
729,9.0,0.0005300000000261207,0.0,9.163199683482683e-05
730,22.0,0.0011910000000625587,0.0,3.9669367126047433e-05
731,9.0,0.0005300000000261207,0.0,0.00013337754775498954
732,11.0,0.0006300000000010186,0.0,4.581599841741341e-05
733,23.0,0.0012520000000222353,0.0,8.815390551663709e-05
734,17.0,0.0009489999999914289,0.0,0.00019914193591205734
735,12.0,0.0008749999999508873,0.0,0.00020909972993096845
736,17.0,0.0009419999998954154,0.0,6.668877387749478e-05
737,5.0,0.00032299999998031126,0.0,0.000131905344950271
738,35.0,0.001952999999957683,0.0,0.00014351420502352837
739,8.0,0.00048200000014730904,0.0,6.595267247513551e-05
740,14.0,0.0008960000000115542,0.0,8.463106015448867e-05
741,5.0,0.0003959999999096908,0.0,8.902419117898645e-05
742,16.0,0.0009990000000925647,0.0,9.215335857359197e-05
743,20.0,0.0012790000000677537,0.0,0.00020045738859719782
744,13.0,0.0008010000001377193,0.0,7.40710928358564e-05
745,10.0,0.0006300000000010186,0.0,0.00014120085827444207
746,61.0,0.003533999999945081,0.0,0.00015661461657600267
747,28.0,0.0016419999999470747,0.0,0.00014659770734931616
748,6.0,0.00041400000009161886,0.0,9.17319255109961e-05
749,41.0,0.002424999999902866,0.0,0.00012982755054504337
750,6.0,0.0004089999999905558,0.0,4.586596275549804e-05
751,20.0,0.0012549999999009742,0.0,0.00011696631451246772
752,12.0,0.0007299999999759166,0.0,5.8483157256233875e-05
753,11.0,0.0006670000000212895,0.0,0.00013078526841691225
754,17.0,0.0009889999998904386,0.0,0.0001669339797692273
755,53.0,0.003083000000060565,0.0,7.855407486363787e-05
756,11.0,0.0006739999998899293,0.0,0.00012595012502048108
757,23.0,0.0013280000000577274,0.0,-2.9812978956965993e-05
758,10.0,0.0006120000000464643,0.0,0.0001001673247697998
759,6.0,0.000398000000132015,0.0,0.00010195979928090549
760,22.0,0.0012560000000121363,0.0,0.0002171604280824973
761,16.0,0.0009620000000722939,0.0,5.00836623848999e-05
762,20.0,0.0011610000001383014,0.0,0.00019785992980234543
763,30.0,0.0017360000001644948,0.0,-0.0007241516056587041
764,11.0,0.000670000000127402,0.0,8.177655942673696e-05
765,12.0,0.0007219999999961146,0.0,4.088827971336848e-05
766,7.0,0.0004229999999552092,0.0,5.097989964045275e-05
767,10.0,0.0005830000000059954,0.0,0.00026867716077171673
768,11.0,0.0006290000001172302,0.0,7.329885367465808e-05
769,9.0,0.0006459999999606225,0.0,0.00010909247857371322
770,13.0,0.0008629999999811844,0.0,3.664942683732905e-05
771,14.0,0.0009119999999711581,0.0,0.00010858021404124864
772,7.0,0.0004910000000108994,0.0,9.721198697196789e-05
773,21.0,0.0011610000001383014,0.0,0.00010465448107232735
774,6.0,0.00041499999997540726,0.0,0.00013216155130235684
775,17.0,0.0010509999999612774,0.0,0.00010307772203690648
776,30.0,0.0017230000000836299,0.0,9.272355047274387e-05
777,18.0,0.0009970000000976142,0.0,0.00011958772172230253
778,17.0,0.0009430000000065775,0.0,5.429010702062432e-05
779,6.0,0.00042900000016743434,0.0,0.00010205839306842857
780,17.0,0.0010130000000572181,0.0,0.00011867276129491943
781,6.0,0.0004209999999602587,0.0,0.00011959144001747558
782,9.0,0.0005289999999149586,0.0,5.979572000873779e-05
783,6.0,0.00041699999997035775,0.0,2.9897860004368895e-05
784,20.0,0.0010870000000977598,0.0,2.7145053510312133e-05
785,17.0,0.0010959999999613501,0.0,9.956638679756104e-05
786,24.0,0.0013530000001082954,0.0,0.00022270498129492585
787,23.0,0.0012799999999515421,0.0,7.850451777191742e-05
788,25.0,0.0014559999999619322,0.0,0.0001957224504185797
789,20.0,0.0011610000001383014,0.0,3.9252258885958714e-05
790,23.0,0.0012899999999262945,0.0,9.661579695911229e-05
791,17.0,0.0009739999998146232,0.0,0.00024352663372038377
792,30.0,0.0016460000001643493,0.0,0.00013425532719678503
793,29.0,0.001706000000012864,0.0,0.00020041284717039353
794,7.0,0.000463999999965381,0.0,0.0001114413278449355
795,13.0,0.0007460000001628941,0.0,9.786122520928983e-05
796,8.0,0.00047900000004119647,0.0,9.922675602748866e-05
797,16.0,0.0008860000000368018,0.0,0.00011989134425468493
798,14.0,0.0007900000000518048,0.0,0.00012215348581045746
799,17.0,0.001023999999915759,0.0,0.00017940797397704666
800,11.0,0.0006750000000010914,0.0,0.00017821255151083154
801,27.0,0.0016050000001541775,0.0,0.00015301998782103055
802,24.0,0.0013319999998202547,0.0,7.650999391051527e-05
803,13.0,0.0007340000001931912,0.0,0.00013251099966389646
804,15.0,0.0008470000000215805,0.0,0.00010362394187763163
805,20.0,0.0010950000000775617,0.0,2.825961598942043e-05
806,36.0,0.002134000000069136,0.0,6.491377527252168e-05
807,11.0,0.0006289999998898566,0.0,5.181197093881581e-05
808,41.0,0.002203999999892403,0.0,0.00011135249064746293
809,47.0,0.002500999999938358,0.0,0.00014249206344603166
810,23.0,0.001247000000148546,0.0,0.00023682329133597576
811,9.0,0.0005320000000210712,0.0,0.00015980003523635993
812,7.0,0.0006900000000769069,0.0,0.0001418024792834671
813,7.0,0.00043099999993501115,0.0,7.090123964173353e-05
814,50.0,0.0026180000002113957,0.0,0.00013799966024044297
815,4.0,0.00027199999999538704,0.0,3.545061982086677e-05
816,5.0,0.00032400000009147334,0.0,1.7725309910433373e-05
817,14.0,0.0008109999998850981,0.0,0.000125381129662461
818,38.0,0.002261999999973341,0.0,0.00012687495407380687
819,22.0,0.001195999999936248,0.0,0.00011107909950088836
820,16.0,0.0008850000001530134,0.0,8.910627575541577e-05
821,12.0,0.0006800000001021544,0.0,0.00013266701997964773
822,25.0,0.0013539999999920838,0.0,0.00019414657354440367
823,12.0,0.0006889999999657448,0.0,4.4553137877707886e-05
824,8.0,0.0004840000001422595,0.0,0.00013387996852795686
825,13.0,0.0008900000000267028,0.0,0.00012605325370742274
826,13.0,0.0007379999999557185,0.0,0.00011354616536196188
827,15.0,0.0008420000001478911,0.0,0.00023508326790788584
828,45.0,0.0024860000000899163,0.0,-0.0003098718055385926
829,17.0,0.001007999999956155,0.0,0.00012306088412837303
830,10.0,0.0005830000000059954,0.0,0.00021880523558836636
831,8.0,0.000477000000046246,0.0,0.00010245365585303924
832,32.0,0.00179800000000796,0.0,5.677308268098094e-05
833,19.0,0.0011870000000726577,0.0,0.00013568414275871258
834,12.0,0.0006820000000971049,0.0,0.00010380474635667943
835,30.0,0.0026130000001103326,0.0,0.00014242249311622752
836,37.0,0.0030210000002171,0.0,0.0002034548790851851
837,25.0,0.0019219999999222637,0.0,0.00010672490208594124
838,19.0,0.0015420000001995504,0.0,0.0001274650239809829
839,17.0,0.0013539999999920838,0.0,9.707328677220183e-05
840,9.0,0.0007540000001426961,0.0,0.00013743130420804342
841,10.0,0.0007799999998496787,0.0,5.336245104297063e-05
842,33.0,0.001852999999982785,0.0,6.871565210402171e-05
843,42.0,0.002379000000019005,0.0,0.00012839364478369316
844,17.0,0.0009950000001026638,0.0,0.00020456847675658218
845,17.0,0.0009990000000925647,0.0,0.00012607856190306125
846,10.0,0.0006149999999252032,0.0,0.00012200964573320144
847,8.0,0.000657000000046537,0.0,0.00012933861322496443
848,48.0,0.0026840000000447617,0.0,6.100482286660072e-05
849,19.0,0.0011450000001786975,0.0,3.0502411433300366e-05
850,29.0,0.0016560000001391018,0.0,6.466930661248222e-05
851,7.0,0.0004880000001321605,0.0,3.23346533062411e-05
852,13.0,0.0008239999999659631,0.0,8.044760311158635e-05
853,17.0,0.0010660000000370928,0.0,9.249637048446253e-05
854,16.0,0.0009869999998954881,0.0,0.0001655310829705677
855,18.0,0.0010890000000927103,0.0,5.2327240536163675e-05
856,16.0,0.0009800000000268483,0.0,4.624818524223126e-05
857,5.0,0.0003410000001622393,0.0,0.00010772101294094304
858,16.0,0.0009350000000267755,0.0,0.00010116982968314315
859,15.0,0.0010320000001229346,0.0,5.386050647047152e-05
860,18.0,0.0010270000000218715,0.0,0.00014291941044770206
861,6.0,0.000371999999970285,0.0,8.220755100273077e-05
862,24.0,0.0013020000001233711,0.0,0.00012762358300286898
863,27.0,0.0014979999998558924,0.0,0.00010235760250324968
864,15.0,0.0008769999999458378,0.0,0.00015441294544734404
865,11.0,0.0006710000000111904,0.0,5.117880125162484e-05
866,18.0,0.001228999999966618,0.0,2.558940062581242e-05
867,5.0,0.0003290000001925364,0.0,8.391156794276135e-05
868,14.0,0.0007919999998193816,0.0,1.2794700312906217e-05
869,26.0,0.001403999999865846,0.0,6.397350156453095e-06
870,12.0,0.0006859999998596322,0.0,4.1955783971380666e-05
871,20.0,0.0011830000000827567,0.0,2.097789198569032e-05
872,28.0,0.0016620000001239532,0.0,0.00025414670622624867
873,27.0,0.0014989999999670545,0.0,0.0001707225155879429
874,41.0,0.002250000000003638,0.0,-5.0884745422338665e-05
875,53.0,0.0028210000000399305,0.0,8.536125779397144e-05
876,20.0,0.001209000000017113,0.0,0.00013092096727728493
877,26.0,0.0015510000000631408,0.0,0.00018905947872268334
878,11.0,0.0006590000000414875,0.0,0.00012590189642171134
879,71.0,0.003740000000107102,0.0,0.0001532988042013941
880,27.0,0.0014519999999720312,0.0,0.00010329826585380902
881,8.0,0.00048600000013721,0.0,0.0001417366138538697
882,11.0,0.0006659999999101274,0.0,7.086830692693486e-05
883,19.0,0.001103999999941152,0.0,9.817308087615818e-05
884,9.0,0.000559999999950378,0.0,8.596588069700372e-05
885,17.0,0.0009910000001127628,0.0,0.00021962277131738403
886,28.0,0.001504999999951906,0.0,0.00020307707625048758
887,33.0,0.0018810000001394656,0.0,-0.0002048280212109509
888,17.0,0.001575999999886335,0.0,9.385582664112827e-05
889,11.0,0.0006920000000718574,0.0,4.6927913320564136e-05
890,8.0,0.0005879999998796848,0.0,2.3463956660282068e-05
891,47.0,0.0025570000000243454,0.0,0.0001245558631497645
892,6.0,0.0004209999999602587,0.0,0.00013711014378653812
893,16.0,0.0008880000000317523,0.0,6.855507189326906e-05
894,46.0,0.0027880000000095606,0.0,-0.00036327020552769334
895,22.0,0.0012479999998049607,0.0,0.0001237790481924823
896,53.0,0.0028069999998479034,0.0,0.00017796690751278085
897,12.0,0.0007089999999152496,0.0,9.452973936134167e-05
898,11.0,0.0006430000000818836,0.0,0.00024828595153562503
899,23.0,0.0015229999999064603,0.0,0.00014752852329659178
900,14.0,0.0008519999998952699,0.0,0.00014071291956835083
901,44.0,0.0024080000000594737,0.0,0.00017476565950502938
902,18.0,0.0009869999998954881,0.0,0.000130072381519429
903,12.0,0.0006839999998646817,0.0,6.503619075971451e-05
904,22.0,0.0011970000000474101,0.0,8.711364939053912e-05
905,11.0,0.0007350000000769796,0.0,0.0001435344004710622
906,50.0,0.0026710000001912704,0.0,0.0002182267102115032
907,12.0,0.0006889999999657448,0.0,0.0001091133551057516
908,36.0,0.0019459999998616695,0.0,0.00023234440018130942
909,17.0,0.0009820000000217988,0.0,0.00010806470993291619
910,13.0,0.0007519999999203719,0.0,0.0001345563285140871
911,5.0,0.0003309999999601132,0.0,5.4032354966458096e-05
912,36.0,0.0019480000000839937,0.0,0.00018141762002243318
913,25.0,0.0013940000001184671,0.0,0.0001387937135864958
914,35.0,0.00186600000006365,0.0,0.0002788207592301532
915,8.0,0.0005159999998340936,0.0,0.0001253455994834836
916,11.0,0.000862000000097396,0.0,4.3556824695269554e-05
917,18.0,0.0012799999999515421,0.0,2.177841234763479e-05
918,7.0,0.0004269999999451102,0.0,0.0001393627214725711
919,14.0,0.0007920000000467553,0.0,0.00013941037961507662
920,16.0,0.000910999999859996,0.0,0.00013674246657205893
921,8.0,0.0005629999998291169,0.0,1.0889206173817395e-05
922,16.0,0.0009939999999915017,0.0,0.00012517707021796637
923,23.0,0.0016160000000127184,0.0,6.970518980753832e-05
924,7.0,0.0004669999998441199,0.0,0.00011331113508477011
925,39.0,0.0022730000000592554,0.0,-0.0007113408419101945
926,16.0,0.000941000000011627,0.0,0.00021366758285056085
927,44.0,0.0024559999999382853,0.0,0.00014321361051183442
928,15.0,0.0009999999999763531,0.0,5.665556754238504e-05
929,10.0,0.0006160000000363652,0.0,0.00012482627220525554
930,25.0,0.0015470000000732398,0.0,0.00013549887455294684
931,26.0,0.0014750000000276486,0.0,0.0002003384749841722
932,7.0,0.0004590000000916916,0.0,0.00012332365367797552
933,38.0,0.002171000000089407,0.0,0.00013913502021629386
934,15.0,0.0008980000000065047,0.0,6.956751010814692e-05
935,24.0,0.001375999999936539,0.0,0.00010386904556114129
936,10.0,0.0006559999999353749,0.0,8.654481164927911e-05
937,8.0,0.0005240000000412692,0.0,4.327240582463956e-05
938,21.0,0.0012080000001333246,0.0,0.00014353654258744512
939,24.0,0.001383999999916341,0.0,0.00016826483812257698
940,4.0,0.000398000000132015,0.0,2.1636202912319767e-05
941,24.0,0.001586000000088461,0.0,0.00027526089775655664
942,14.0,0.0008660000000872969,0.0,7.77510587929959e-05
943,55.0,0.003058000000009997,0.0,8.276554148528386e-05
944,15.0,0.0009359999999105639,0.0,0.0001359143575558777
945,4.0,0.00028199999997013947,0.0,0.00010777638730665001
946,10.0,0.0005920000000969594,0.0,5.388819365332501e-05
947,8.0,0.000634999999874708,0.0,0.00010592020541523055
948,12.0,0.0006930000001830194,0.0,5.1934522780570645e-05
949,9.0,0.0005370000001221342,0.0,8.427869548761216e-05
950,18.0,0.001136999999971522,0.0,0.00012025437051257166
951,23.0,0.0012489999999161228,0.0,0.00013192277125808404
952,42.0,0.002324999999927968,0.0,0.00024034447718519533
953,7.0,0.00056100000006154,0.0,0.00011037474740642199
954,27.0,0.0014600000001792068,0.0,7.517717482082343e-05
955,30.0,0.001611000000139029,0.0,0.00024174217446225332
956,21.0,0.0012059999999110005,0.0,0.00018852618732258773
957,18.0,0.00115500000015345,0.0,0.0001417695745274712
958,13.0,0.0008829999999306892,0.0,0.0001458270117464039
959,35.0,0.0020269999999982247,0.0,0.00012087108723112666
960,16.0,0.0008929999999054417,0.0,0.00014380006397932626
961,23.0,0.001301000000012209,0.0,0.00012737465369000472
962,32.0,0.0028890000000956206,0.0,0.00016033740643154782
963,20.0,0.004042999999910535,0.0,0.00010592050314951932
964,10.0,0.0011990000000423606,0.0,0.00012400231373560958
965,6.0,0.00046800000018265564,0.0,5.2960251574759676e-05
966,13.0,0.0007389999998395069,0.0,6.368732684500236e-05
967,35.0,0.002056999999922482,0.0,0.0001388905815841189
968,15.0,0.00094600000011269,0.0,2.6480125787379838e-05
969,8.0,0.0004799999999249849,0.0,0.00012269219724987595
970,9.0,0.0005400000000008731,0.0,6.134609862493799e-05
971,37.0,0.002208999999993466,0.0,3.758858741041173e-05
972,8.0,0.0005080000000816653,0.0,7.42228483236735e-05
973,10.0,0.0006300000000010186,0.0,8.565261215289103e-05
974,7.0,0.0004330000001573353,0.0,3.711142416183675e-05
975,11.0,0.0008380000001579901,0.0,7.945528735437373e-05
976,20.0,0.0011409999999614229,0.0,3.972764367718686e-05
977,31.0,0.0016659999998864805,0.0,0.0001192375738735292
978,19.0,0.001044999999976426,0.0,0.0002533825117775181
979,18.0,0.001142000000072585,0.0,0.0001157991392225184
980,15.0,0.0008790000001681619,0.0,0.00010114823326364802
981,14.0,0.0009530000002087036,0.0,3.184366342250118e-05
982,36.0,0.0020009999998364947,0.0,0.00012669125588875906
983,10.0,0.0006210000001374283,0.0,0.00012522898538932758
984,20.0,0.0011009999998350395,0.0,0.00013093001223861094
985,24.0,0.001408999999966909,0.0,0.00010098699958034762
986,17.0,0.0009399999999004649,0.0,0.00012002190436089129
987,17.0,0.0011899999999513966,0.0,6.0010952180445645e-05
988,18.0,0.0010000000002037268,0.0,0.00010259646297517131
989,10.0,0.0005839999998897838,0.0,0.00011391558991875005
990,20.0,0.0010940000001937733,0.0,0.00020235465150512895
991,9.0,0.0005289999999149586,0.0,6.334562794437952e-05
992,8.0,0.0005790000000160944,0.0,0.00013010663755594036
993,29.0,0.0017499999999017746,0.0,0.0001389464005612629
994,10.0,0.0006560000001627486,0.0,0.00010512325527751884
995,25.0,0.0015029999999569554,0.0,0.00020604783490906251
996,24.0,0.0014439999999922293,0.0,0.00010302391745453126
997,44.0,0.0028300000001308945,0.0,0.00014340515158203917
998,18.0,0.0010929999998552375,0.0,0.00027405870387354917
999,9.0,0.0006289999998898566,0.0,0.00012567405145721286
1000,0.0,0.0,0.0,0.0
1001,0.0,0.0,0.0,0.0
1002,0.0,0.0,0.0,0.0
1003,0.0,0.0,0.0,0.0
1004,0.0,0.0,0.0,0.0
1005,0.0,0.0,0.0,0.0
1006,0.0,0.0,0.0,0.0
1007,0.0,0.0,0.0,0.0
1008,0.0,0.0,0.0,0.0
1009,0.0,0.0,0.0,0.0
1010,0.0,0.0,0.0,0.0
1011,0.0,0.0,0.0,0.0
1012,0.0,0.0,0.0,0.0
1013,0.0,0.0,0.0,0.0
1014,0.0,0.0,0.0,0.0
1015,0.0,0.0,0.0,0.0
1016,0.0,0.0,0.0,0.0
1017,0.0,0.0,0.0,0.0
1018,0.0,0.0,0.0,0.0
1019,0.0,0.0,0.0,0.0
1020,0.0,0.0,0.0,0.0
1021,0.0,0.0,0.0,0.0
1022,0.0,0.0,0.0,0.0
1023,0.0,0.0,0.0,0.0
1024,0.0,0.0,0.0,0.0
1025,0.0,0.0,0.0,0.0
1026,0.0,0.0,0.0,0.0
1027,0.0,0.0,0.0,0.0
1028,0.0,0.0,0.0,0.0
1029,0.0,0.0,0.0,0.0
1030,0.0,0.0,0.0,0.0
1031,0.0,0.0,0.0,0.0
1032,0.0,0.0,0.0,0.0
1033,0.0,0.0,0.0,0.0
1034,0.0,0.0,0.0,0.0
1035,0.0,0.0,0.0,0.0
1036,0.0,0.0,0.0,0.0
1037,0.0,0.0,0.0,0.0
1038,0.0,0.0,0.0,0.0
1039,0.0,0.0,0.0,0.0
1040,0.0,0.0,0.0,0.0
1041,0.0,0.0,0.0,0.0
1042,0.0,0.0,0.0,0.0
1043,0.0,0.0,0.0,0.0
1044,0.0,0.0,0.0,0.0
1045,0.0,0.0,0.0,0.0
1046,0.0,0.0,0.0,0.0
1047,0.0,0.0,0.0,0.0
1048,0.0,0.0,0.0,0.0
1049,0.0,0.0,0.0,0.0
1050,0.0,0.0,0.0,0.0
1051,0.0,0.0,0.0,0.0
1052,0.0,0.0,0.0,0.0
1053,0.0,0.0,0.0,0.0
1054,0.0,0.0,0.0,0.0
1055,0.0,0.0,0.0,0.0
1056,0.0,0.0,0.0,0.0
1057,0.0,0.0,0.0,0.0
1058,0.0,0.0,0.0,0.0
1059,0.0,0.0,0.0,0.0
1060,0.0,0.0,0.0,0.0
1061,0.0,0.0,0.0,0.0
1062,0.0,0.0,0.0,0.0
1063,0.0,0.0,0.0,0.0
1064,0.0,0.0,0.0,0.0
1065,0.0,0.0,0.0,0.0
1066,0.0,0.0,0.0,0.0
1067,0.0,0.0,0.0,0.0
1068,0.0,0.0,0.0,0.0
1069,0.0,0.0,0.0,0.0
1070,0.0,0.0,0.0,0.0
1071,0.0,0.0,0.0,0.0
1072,0.0,0.0,0.0,0.0
1073,0.0,0.0,0.0,0.0
1074,0.0,0.0,0.0,0.0
1075,0.0,0.0,0.0,0.0
1076,0.0,0.0,0.0,0.0
1077,0.0,0.0,0.0,0.0
1078,0.0,0.0,0.0,0.0
1079,0.0,0.0,0.0,0.0
1080,0.0,0.0,0.0,0.0
1081,0.0,0.0,0.0,0.0
1082,0.0,0.0,0.0,0.0
1083,0.0,0.0,0.0,0.0
1084,0.0,0.0,0.0,0.0
1085,0.0,0.0,0.0,0.0
1086,0.0,0.0,0.0,0.0
1087,0.0,0.0,0.0,0.0
1088,0.0,0.0,0.0,0.0
1089,0.0,0.0,0.0,0.0
1090,0.0,0.0,0.0,0.0
1091,0.0,0.0,0.0,0.0
1092,0.0,0.0,0.0,0.0
1093,0.0,0.0,0.0,0.0
1094,0.0,0.0,0.0,0.0
1095,0.0,0.0,0.0,0.0
1096,0.0,0.0,0.0,0.0
1097,0.0,0.0,0.0,0.0
1098,0.0,0.0,0.0,0.0
1099,0.0,0.0,0.0,0.0
1100,0.0,0.0,0.0,0.0
1101,0.0,0.0,0.0,0.0
1102,0.0,0.0,0.0,0.0
1103,0.0,0.0,0.0,0.0
1104,0.0,0.0,0.0,0.0
1105,0.0,0.0,0.0,0.0
1106,0.0,0.0,0.0,0.0
1107,0.0,0.0,0.0,0.0
1108,0.0,0.0,0.0,0.0
1109,0.0,0.0,0.0,0.0
1110,0.0,0.0,0.0,0.0
1111,0.0,0.0,0.0,0.0
1112,0.0,0.0,0.0,0.0
1113,0.0,0.0,0.0,0.0
1114,0.0,0.0,0.0,0.0
1115,0.0,0.0,0.0,0.0
1116,0.0,0.0,0.0,0.0
1117,0.0,0.0,0.0,0.0
1118,0.0,0.0,0.0,0.0
1119,0.0,0.0,0.0,0.0
1120,0.0,0.0,0.0,0.0
1121,0.0,0.0,0.0,0.0
1122,0.0,0.0,0.0,0.0
1123,0.0,0.0,0.0,0.0
1124,0.0,0.0,0.0,0.0
1125,0.0,0.0,0.0,0.0
1126,0.0,0.0,0.0,0.0
1127,0.0,0.0,0.0,0.0
1128,0.0,0.0,0.0,0.0
1129,0.0,0.0,0.0,0.0
1130,0.0,0.0,0.0,0.0
1131,0.0,0.0,0.0,0.0
1132,0.0,0.0,0.0,0.0
1133,0.0,0.0,0.0,0.0
1134,0.0,0.0,0.0,0.0
1135,0.0,0.0,0.0,0.0
1136,0.0,0.0,0.0,0.0
1137,0.0,0.0,0.0,0.0
1138,0.0,0.0,0.0,0.0
1139,0.0,0.0,0.0,0.0
1140,0.0,0.0,0.0,0.0
1141,0.0,0.0,0.0,0.0
1142,0.0,0.0,0.0,0.0
1143,0.0,0.0,0.0,0.0
1144,0.0,0.0,0.0,0.0
1145,0.0,0.0,0.0,0.0
1146,0.0,0.0,0.0,0.0
1147,0.0,0.0,0.0,0.0
1148,0.0,0.0,0.0,0.0
1149,0.0,0.0,0.0,0.0
1150,0.0,0.0,0.0,0.0
1151,0.0,0.0,0.0,0.0
1152,0.0,0.0,0.0,0.0
1153,0.0,0.0,0.0,0.0
1154,0.0,0.0,0.0,0.0
1155,0.0,0.0,0.0,0.0
1156,0.0,0.0,0.0,0.0
1157,0.0,0.0,0.0,0.0
1158,0.0,0.0,0.0,0.0
1159,0.0,0.0,0.0,0.0
1160,0.0,0.0,0.0,0.0
1161,0.0,0.0,0.0,0.0
1162,0.0,0.0,0.0,0.0
1163,0.0,0.0,0.0,0.0
1164,0.0,0.0,0.0,0.0
1165,0.0,0.0,0.0,0.0
1166,0.0,0.0,0.0,0.0
1167,0.0,0.0,0.0,0.0
1168,0.0,0.0,0.0,0.0
1169,0.0,0.0,0.0,0.0
1170,0.0,0.0,0.0,0.0
1171,0.0,0.0,0.0,0.0
1172,0.0,0.0,0.0,0.0
1173,0.0,0.0,0.0,0.0
1174,0.0,0.0,0.0,0.0
1175,0.0,0.0,0.0,0.0
1176,0.0,0.0,0.0,0.0
1177,0.0,0.0,0.0,0.0
1178,0.0,0.0,0.0,0.0
1179,0.0,0.0,0.0,0.0
1180,0.0,0.0,0.0,0.0
1181,0.0,0.0,0.0,0.0
1182,0.0,0.0,0.0,0.0
1183,0.0,0.0,0.0,0.0
1184,0.0,0.0,0.0,0.0
1185,0.0,0.0,0.0,0.0
1186,0.0,0.0,0.0,0.0
1187,0.0,0.0,0.0,0.0
1188,0.0,0.0,0.0,0.0
1189,0.0,0.0,0.0,0.0
1190,0.0,0.0,0.0,0.0
1191,0.0,0.0,0.0,0.0
1192,0.0,0.0,0.0,0.0
1193,0.0,0.0,0.0,0.0
1194,0.0,0.0,0.0,0.0
1195,0.0,0.0,0.0,0.0
1196,0.0,0.0,0.0,0.0
1197,0.0,0.0,0.0,0.0
1198,0.0,0.0,0.0,0.0
1199,0.0,0.0,0.0,0.0
1200,0.0,0.0,0.0,0.0
1201,0.0,0.0,0.0,0.0
1202,0.0,0.0,0.0,0.0
1203,0.0,0.0,0.0,0.0
1204,0.0,0.0,0.0,0.0
1205,0.0,0.0,0.0,0.0
1206,0.0,0.0,0.0,0.0
1207,0.0,0.0,0.0,0.0
1208,0.0,0.0,0.0,0.0
1209,0.0,0.0,0.0,0.0
1210,0.0,0.0,0.0,0.0
1211,0.0,0.0,0.0,0.0
1212,0.0,0.0,0.0,0.0
1213,0.0,0.0,0.0,0.0
1214,0.0,0.0,0.0,0.0
1215,0.0,0.0,0.0,0.0
1216,0.0,0.0,0.0,0.0
1217,0.0,0.0,0.0,0.0
1218,0.0,0.0,0.0,0.0
1219,0.0,0.0,0.0,0.0
1220,0.0,0.0,0.0,0.0
1221,0.0,0.0,0.0,0.0
1222,0.0,0.0,0.0,0.0
1223,0.0,0.0,0.0,0.0
1224,0.0,0.0,0.0,0.0
1225,0.0,0.0,0.0,0.0
1226,0.0,0.0,0.0,0.0
1227,0.0,0.0,0.0,0.0
1228,0.0,0.0,0.0,0.0
1229,0.0,0.0,0.0,0.0
1230,0.0,0.0,0.0,0.0
1231,0.0,0.0,0.0,0.0
1232,0.0,0.0,0.0,0.0
1233,0.0,0.0,0.0,0.0
1234,0.0,0.0,0.0,0.0
1235,0.0,0.0,0.0,0.0
1236,0.0,0.0,0.0,0.0
1237,0.0,0.0,0.0,0.0
1238,0.0,0.0,0.0,0.0
1239,0.0,0.0,0.0,0.0
1240,0.0,0.0,0.0,0.0
1241,0.0,0.0,0.0,0.0
1242,0.0,0.0,0.0,0.0
1243,0.0,0.0,0.0,0.0
1244,0.0,0.0,0.0,0.0
1245,0.0,0.0,0.0,0.0
1246,0.0,0.0,0.0,0.0
1247,0.0,0.0,0.0,0.0
1248,0.0,0.0,0.0,0.0
1249,0.0,0.0,0.0,0.0
1250,0.0,0.0,0.0,0.0
1251,0.0,0.0,0.0,0.0
1252,0.0,0.0,0.0,0.0
1253,0.0,0.0,0.0,0.0
1254,0.0,0.0,0.0,0.0
1255,0.0,0.0,0.0,0.0
1256,0.0,0.0,0.0,0.0
1257,0.0,0.0,0.0,0.0
1258,0.0,0.0,0.0,0.0
1259,0.0,0.0,0.0,0.0
1260,0.0,0.0,0.0,0.0
1261,0.0,0.0,0.0,0.0
1262,0.0,0.0,0.0,0.0
1263,0.0,0.0,0.0,0.0
1264,0.0,0.0,0.0,0.0
1265,0.0,0.0,0.0,0.0
1266,0.0,0.0,0.0,0.0
1267,0.0,0.0,0.0,0.0
1268,0.0,0.0,0.0,0.0
1269,0.0,0.0,0.0,0.0
1270,0.0,0.0,0.0,0.0
1271,0.0,0.0,0.0,0.0
1272,0.0,0.0,0.0,0.0
1273,0.0,0.0,0.0,0.0
1274,0.0,0.0,0.0,0.0
1275,0.0,0.0,0.0,0.0
1276,0.0,0.0,0.0,0.0
1277,0.0,0.0,0.0,0.0
1278,0.0,0.0,0.0,0.0
1279,0.0,0.0,0.0,0.0
1280,0.0,0.0,0.0,0.0
1281,0.0,0.0,0.0,0.0
1282,0.0,0.0,0.0,0.0
1283,0.0,0.0,0.0,0.0
1284,0.0,0.0,0.0,0.0
1285,0.0,0.0,0.0,0.0
1286,0.0,0.0,0.0,0.0
1287,0.0,0.0,0.0,0.0
1288,0.0,0.0,0.0,0.0
1289,0.0,0.0,0.0,0.0
1290,0.0,0.0,0.0,0.0
1291,0.0,0.0,0.0,0.0
1292,0.0,0.0,0.0,0.0
1293,0.0,0.0,0.0,0.0
1294,0.0,0.0,0.0,0.0
1295,0.0,0.0,0.0,0.0
1296,0.0,0.0,0.0,0.0
1297,0.0,0.0,0.0,0.0
1298,0.0,0.0,0.0,0.0
1299,0.0,0.0,0.0,0.0
1300,0.0,0.0,0.0,0.0
1301,0.0,0.0,0.0,0.0
1302,0.0,0.0,0.0,0.0
1303,0.0,0.0,0.0,0.0
1304,0.0,0.0,0.0,0.0
1305,0.0,0.0,0.0,0.0
1306,0.0,0.0,0.0,0.0
1307,0.0,0.0,0.0,0.0
1308,0.0,0.0,0.0,0.0
1309,0.0,0.0,0.0,0.0
1310,0.0,0.0,0.0,0.0
1311,0.0,0.0,0.0,0.0
1312,0.0,0.0,0.0,0.0
1313,0.0,0.0,0.0,0.0
1314,0.0,0.0,0.0,0.0
1315,0.0,0.0,0.0,0.0
1316,0.0,0.0,0.0,0.0
1317,0.0,0.0,0.0,0.0
1318,0.0,0.0,0.0,0.0
1319,0.0,0.0,0.0,0.0
1320,0.0,0.0,0.0,0.0
1321,0.0,0.0,0.0,0.0
1322,0.0,0.0,0.0,0.0
1323,0.0,0.0,0.0,0.0
1324,0.0,0.0,0.0,0.0
1325,0.0,0.0,0.0,0.0
1326,0.0,0.0,0.0,0.0
1327,0.0,0.0,0.0,0.0
1328,0.0,0.0,0.0,0.0
1329,0.0,0.0,0.0,0.0
1330,0.0,0.0,0.0,0.0
1331,0.0,0.0,0.0,0.0
1332,0.0,0.0,0.0,0.0
1333,0.0,0.0,0.0,0.0
1334,0.0,0.0,0.0,0.0
1335,0.0,0.0,0.0,0.0
1336,0.0,0.0,0.0,0.0
1337,0.0,0.0,0.0,0.0
1338,0.0,0.0,0.0,0.0
1339,0.0,0.0,0.0,0.0
1340,0.0,0.0,0.0,0.0
1341,0.0,0.0,0.0,0.0
1342,0.0,0.0,0.0,0.0
1343,0.0,0.0,0.0,0.0
1344,0.0,0.0,0.0,0.0
1345,0.0,0.0,0.0,0.0
1346,0.0,0.0,0.0,0.0
1347,0.0,0.0,0.0,0.0
1348,0.0,0.0,0.0,0.0
1349,0.0,0.0,0.0,0.0
1350,0.0,0.0,0.0,0.0
1351,0.0,0.0,0.0,0.0
1352,0.0,0.0,0.0,0.0
1353,0.0,0.0,0.0,0.0
1354,0.0,0.0,0.0,0.0
1355,0.0,0.0,0.0,0.0
1356,0.0,0.0,0.0,0.0
1357,0.0,0.0,0.0,0.0
1358,0.0,0.0,0.0,0.0
1359,0.0,0.0,0.0,0.0
1360,0.0,0.0,0.0,0.0
1361,0.0,0.0,0.0,0.0
1362,0.0,0.0,0.0,0.0
1363,0.0,0.0,0.0,0.0
1364,0.0,0.0,0.0,0.0
1365,0.0,0.0,0.0,0.0
1366,0.0,0.0,0.0,0.0
1367,0.0,0.0,0.0,0.0
1368,0.0,0.0,0.0,0.0
1369,0.0,0.0,0.0,0.0
1370,0.0,0.0,0.0,0.0
1371,0.0,0.0,0.0,0.0
1372,0.0,0.0,0.0,0.0
1373,0.0,0.0,0.0,0.0
1374,0.0,0.0,0.0,0.0
1375,0.0,0.0,0.0,0.0
1376,0.0,0.0,0.0,0.0
1377,0.0,0.0,0.0,0.0
1378,0.0,0.0,0.0,0.0
1379,0.0,0.0,0.0,0.0
1380,0.0,0.0,0.0,0.0
1381,0.0,0.0,0.0,0.0
1382,0.0,0.0,0.0,0.0
1383,0.0,0.0,0.0,0.0
1384,0.0,0.0,0.0,0.0
1385,0.0,0.0,0.0,0.0
1386,0.0,0.0,0.0,0.0
1387,0.0,0.0,0.0,0.0
1388,0.0,0.0,0.0,0.0
1389,0.0,0.0,0.0,0.0
1390,0.0,0.0,0.0,0.0
1391,0.0,0.0,0.0,0.0
1392,0.0,0.0,0.0,0.0
1393,0.0,0.0,0.0,0.0
1394,0.0,0.0,0.0,0.0
1395,0.0,0.0,0.0,0.0
1396,0.0,0.0,0.0,0.0
1397,0.0,0.0,0.0,0.0
1398,0.0,0.0,0.0,0.0
1399,0.0,0.0,0.0,0.0
1400,0.0,0.0,0.0,0.0
1401,0.0,0.0,0.0,0.0
1402,0.0,0.0,0.0,0.0
1403,0.0,0.0,0.0,0.0
1404,0.0,0.0,0.0,0.0
1405,0.0,0.0,0.0,0.0
1406,0.0,0.0,0.0,0.0
1407,0.0,0.0,0.0,0.0
1408,0.0,0.0,0.0,0.0
1409,0.0,0.0,0.0,0.0
1410,0.0,0.0,0.0,0.0
1411,0.0,0.0,0.0,0.0
1412,0.0,0.0,0.0,0.0
1413,0.0,0.0,0.0,0.0
1414,0.0,0.0,0.0,0.0
1415,0.0,0.0,0.0,0.0
1416,0.0,0.0,0.0,0.0
1417,0.0,0.0,0.0,0.0
1418,0.0,0.0,0.0,0.0
1419,0.0,0.0,0.0,0.0
1420,0.0,0.0,0.0,0.0
1421,0.0,0.0,0.0,0.0
1422,0.0,0.0,0.0,0.0
1423,0.0,0.0,0.0,0.0
1424,0.0,0.0,0.0,0.0
1425,0.0,0.0,0.0,0.0
1426,0.0,0.0,0.0,0.0
1427,0.0,0.0,0.0,0.0
1428,0.0,0.0,0.0,0.0
1429,0.0,0.0,0.0,0.0
1430,0.0,0.0,0.0,0.0
1431,0.0,0.0,0.0,0.0
1432,0.0,0.0,0.0,0.0
1433,0.0,0.0,0.0,0.0
1434,0.0,0.0,0.0,0.0
1435,0.0,0.0,0.0,0.0
1436,0.0,0.0,0.0,0.0
1437,0.0,0.0,0.0,0.0
1438,0.0,0.0,0.0,0.0
1439,0.0,0.0,0.0,0.0
1440,0.0,0.0,0.0,0.0
1441,0.0,0.0,0.0,0.0
1442,0.0,0.0,0.0,0.0
1443,0.0,0.0,0.0,0.0
1444,0.0,0.0,0.0,0.0
1445,0.0,0.0,0.0,0.0
1446,0.0,0.0,0.0,0.0
1447,0.0,0.0,0.0,0.0
1448,0.0,0.0,0.0,0.0
1449,0.0,0.0,0.0,0.0
1450,0.0,0.0,0.0,0.0
1451,0.0,0.0,0.0,0.0
1452,0.0,0.0,0.0,0.0
1453,0.0,0.0,0.0,0.0
1454,0.0,0.0,0.0,0.0
1455,0.0,0.0,0.0,0.0
1456,0.0,0.0,0.0,0.0
1457,0.0,0.0,0.0,0.0
1458,0.0,0.0,0.0,0.0
1459,0.0,0.0,0.0,0.0
1460,0.0,0.0,0.0,0.0
1461,0.0,0.0,0.0,0.0
1462,0.0,0.0,0.0,0.0
1463,0.0,0.0,0.0,0.0
1464,0.0,0.0,0.0,0.0
1465,0.0,0.0,0.0,0.0
1466,0.0,0.0,0.0,0.0
1467,0.0,0.0,0.0,0.0
1468,0.0,0.0,0.0,0.0
1469,0.0,0.0,0.0,0.0
1470,0.0,0.0,0.0,0.0
1471,0.0,0.0,0.0,0.0
1472,0.0,0.0,0.0,0.0
1473,0.0,0.0,0.0,0.0
1474,0.0,0.0,0.0,0.0
1475,0.0,0.0,0.0,0.0
1476,0.0,0.0,0.0,0.0
1477,0.0,0.0,0.0,0.0
1478,0.0,0.0,0.0,0.0
1479,0.0,0.0,0.0,0.0
1480,0.0,0.0,0.0,0.0
1481,0.0,0.0,0.0,0.0
1482,0.0,0.0,0.0,0.0
1483,0.0,0.0,0.0,0.0
1484,0.0,0.0,0.0,0.0
1485,0.0,0.0,0.0,0.0
1486,0.0,0.0,0.0,0.0
1487,0.0,0.0,0.0,0.0
1488,0.0,0.0,0.0,0.0
1489,0.0,0.0,0.0,0.0
1490,0.0,0.0,0.0,0.0
1491,0.0,0.0,0.0,0.0
1492,0.0,0.0,0.0,0.0
1493,0.0,0.0,0.0,0.0
1494,0.0,0.0,0.0,0.0
1495,0.0,0.0,0.0,0.0
1496,0.0,0.0,0.0,0.0
1497,0.0,0.0,0.0,0.0
1498,0.0,0.0,0.0,0.0
1499,0.0,0.0,0.0,0.0
1500,0.0,0.0,0.0,0.0
1501,0.0,0.0,0.0,0.0
1502,0.0,0.0,0.0,0.0
1503,0.0,0.0,0.0,0.0
1504,0.0,0.0,0.0,0.0
1505,0.0,0.0,0.0,0.0
1506,0.0,0.0,0.0,0.0
1507,0.0,0.0,0.0,0.0
1508,0.0,0.0,0.0,0.0
1509,0.0,0.0,0.0,0.0
1510,0.0,0.0,0.0,0.0
1511,0.0,0.0,0.0,0.0
1512,0.0,0.0,0.0,0.0
1513,0.0,0.0,0.0,0.0
1514,0.0,0.0,0.0,0.0
1515,0.0,0.0,0.0,0.0
1516,0.0,0.0,0.0,0.0
1517,0.0,0.0,0.0,0.0
1518,0.0,0.0,0.0,0.0
1519,0.0,0.0,0.0,0.0
1520,0.0,0.0,0.0,0.0
1521,0.0,0.0,0.0,0.0
1522,0.0,0.0,0.0,0.0
1523,0.0,0.0,0.0,0.0
1524,0.0,0.0,0.0,0.0
1525,0.0,0.0,0.0,0.0
1526,0.0,0.0,0.0,0.0
1527,0.0,0.0,0.0,0.0
1528,0.0,0.0,0.0,0.0
1529,0.0,0.0,0.0,0.0
1530,0.0,0.0,0.0,0.0
1531,0.0,0.0,0.0,0.0
1532,0.0,0.0,0.0,0.0
1533,0.0,0.0,0.0,0.0
1534,0.0,0.0,0.0,0.0
1535,0.0,0.0,0.0,0.0
1536,0.0,0.0,0.0,0.0
1537,0.0,0.0,0.0,0.0
1538,0.0,0.0,0.0,0.0
1539,0.0,0.0,0.0,0.0
1540,0.0,0.0,0.0,0.0
1541,0.0,0.0,0.0,0.0
1542,0.0,0.0,0.0,0.0
1543,0.0,0.0,0.0,0.0
1544,0.0,0.0,0.0,0.0
1545,0.0,0.0,0.0,0.0
1546,0.0,0.0,0.0,0.0
1547,0.0,0.0,0.0,0.0
1548,0.0,0.0,0.0,0.0
1549,0.0,0.0,0.0,0.0
1550,0.0,0.0,0.0,0.0
1551,0.0,0.0,0.0,0.0
1552,0.0,0.0,0.0,0.0
1553,0.0,0.0,0.0,0.0
1554,0.0,0.0,0.0,0.0
1555,0.0,0.0,0.0,0.0
1556,0.0,0.0,0.0,0.0
1557,0.0,0.0,0.0,0.0
1558,0.0,0.0,0.0,0.0
1559,0.0,0.0,0.0,0.0
1560,0.0,0.0,0.0,0.0
1561,0.0,0.0,0.0,0.0
1562,0.0,0.0,0.0,0.0
1563,0.0,0.0,0.0,0.0
1564,0.0,0.0,0.0,0.0
1565,0.0,0.0,0.0,0.0
1566,0.0,0.0,0.0,0.0
1567,0.0,0.0,0.0,0.0
1568,0.0,0.0,0.0,0.0
1569,0.0,0.0,0.0,0.0
1570,0.0,0.0,0.0,0.0
1571,0.0,0.0,0.0,0.0
1572,0.0,0.0,0.0,0.0
1573,0.0,0.0,0.0,0.0
1574,0.0,0.0,0.0,0.0
1575,0.0,0.0,0.0,0.0
1576,0.0,0.0,0.0,0.0
1577,0.0,0.0,0.0,0.0
1578,0.0,0.0,0.0,0.0
1579,0.0,0.0,0.0,0.0
1580,0.0,0.0,0.0,0.0
1581,0.0,0.0,0.0,0.0
1582,0.0,0.0,0.0,0.0
1583,0.0,0.0,0.0,0.0
1584,0.0,0.0,0.0,0.0
1585,0.0,0.0,0.0,0.0
1586,0.0,0.0,0.0,0.0
1587,0.0,0.0,0.0,0.0
1588,0.0,0.0,0.0,0.0
1589,0.0,0.0,0.0,0.0
1590,0.0,0.0,0.0,0.0
1591,0.0,0.0,0.0,0.0
1592,0.0,0.0,0.0,0.0
1593,0.0,0.0,0.0,0.0
1594,0.0,0.0,0.0,0.0
1595,0.0,0.0,0.0,0.0
1596,0.0,0.0,0.0,0.0
1597,0.0,0.0,0.0,0.0
1598,0.0,0.0,0.0,0.0
1599,0.0,0.0,0.0,0.0
1600,0.0,0.0,0.0,0.0
1601,0.0,0.0,0.0,0.0
1602,0.0,0.0,0.0,0.0
1603,0.0,0.0,0.0,0.0
1604,0.0,0.0,0.0,0.0
1605,0.0,0.0,0.0,0.0
1606,0.0,0.0,0.0,0.0
1607,0.0,0.0,0.0,0.0
1608,0.0,0.0,0.0,0.0
1609,0.0,0.0,0.0,0.0
1610,0.0,0.0,0.0,0.0
1611,0.0,0.0,0.0,0.0
1612,0.0,0.0,0.0,0.0
1613,0.0,0.0,0.0,0.0
1614,0.0,0.0,0.0,0.0
1615,0.0,0.0,0.0,0.0
1616,0.0,0.0,0.0,0.0
1617,0.0,0.0,0.0,0.0
1618,0.0,0.0,0.0,0.0
1619,0.0,0.0,0.0,0.0
1620,0.0,0.0,0.0,0.0
1621,0.0,0.0,0.0,0.0
1622,0.0,0.0,0.0,0.0
1623,0.0,0.0,0.0,0.0
1624,0.0,0.0,0.0,0.0
1625,0.0,0.0,0.0,0.0
1626,0.0,0.0,0.0,0.0
1627,0.0,0.0,0.0,0.0
1628,0.0,0.0,0.0,0.0
1629,0.0,0.0,0.0,0.0
1630,0.0,0.0,0.0,0.0
1631,0.0,0.0,0.0,0.0
1632,0.0,0.0,0.0,0.0
1633,0.0,0.0,0.0,0.0
1634,0.0,0.0,0.0,0.0
1635,0.0,0.0,0.0,0.0
1636,0.0,0.0,0.0,0.0
1637,0.0,0.0,0.0,0.0
1638,0.0,0.0,0.0,0.0
1639,0.0,0.0,0.0,0.0
1640,0.0,0.0,0.0,0.0
1641,0.0,0.0,0.0,0.0
1642,0.0,0.0,0.0,0.0
1643,0.0,0.0,0.0,0.0
1644,0.0,0.0,0.0,0.0
1645,0.0,0.0,0.0,0.0
1646,0.0,0.0,0.0,0.0
1647,0.0,0.0,0.0,0.0
1648,0.0,0.0,0.0,0.0
1649,0.0,0.0,0.0,0.0
1650,0.0,0.0,0.0,0.0
1651,0.0,0.0,0.0,0.0
1652,0.0,0.0,0.0,0.0
1653,0.0,0.0,0.0,0.0
1654,0.0,0.0,0.0,0.0
1655,0.0,0.0,0.0,0.0
1656,0.0,0.0,0.0,0.0
1657,0.0,0.0,0.0,0.0
1658,0.0,0.0,0.0,0.0
1659,0.0,0.0,0.0,0.0
1660,0.0,0.0,0.0,0.0
1661,0.0,0.0,0.0,0.0
1662,0.0,0.0,0.0,0.0
1663,0.0,0.0,0.0,0.0
1664,0.0,0.0,0.0,0.0
1665,0.0,0.0,0.0,0.0
1666,0.0,0.0,0.0,0.0
1667,0.0,0.0,0.0,0.0
1668,0.0,0.0,0.0,0.0
1669,0.0,0.0,0.0,0.0
1670,0.0,0.0,0.0,0.0
1671,0.0,0.0,0.0,0.0
1672,0.0,0.0,0.0,0.0
1673,0.0,0.0,0.0,0.0
1674,0.0,0.0,0.0,0.0
1675,0.0,0.0,0.0,0.0
1676,0.0,0.0,0.0,0.0
1677,0.0,0.0,0.0,0.0
1678,0.0,0.0,0.0,0.0
1679,0.0,0.0,0.0,0.0
1680,0.0,0.0,0.0,0.0
1681,0.0,0.0,0.0,0.0
1682,0.0,0.0,0.0,0.0
1683,0.0,0.0,0.0,0.0
1684,0.0,0.0,0.0,0.0
1685,0.0,0.0,0.0,0.0
1686,0.0,0.0,0.0,0.0
1687,0.0,0.0,0.0,0.0
1688,0.0,0.0,0.0,0.0
1689,0.0,0.0,0.0,0.0
1690,0.0,0.0,0.0,0.0
1691,0.0,0.0,0.0,0.0
1692,0.0,0.0,0.0,0.0
1693,0.0,0.0,0.0,0.0
1694,0.0,0.0,0.0,0.0
1695,0.0,0.0,0.0,0.0
1696,0.0,0.0,0.0,0.0
1697,0.0,0.0,0.0,0.0
1698,0.0,0.0,0.0,0.0
1699,0.0,0.0,0.0,0.0
1700,0.0,0.0,0.0,0.0
1701,0.0,0.0,0.0,0.0
1702,0.0,0.0,0.0,0.0
1703,0.0,0.0,0.0,0.0
1704,0.0,0.0,0.0,0.0
1705,0.0,0.0,0.0,0.0
1706,0.0,0.0,0.0,0.0
1707,0.0,0.0,0.0,0.0
1708,0.0,0.0,0.0,0.0
1709,0.0,0.0,0.0,0.0
1710,0.0,0.0,0.0,0.0
1711,0.0,0.0,0.0,0.0
1712,0.0,0.0,0.0,0.0
1713,0.0,0.0,0.0,0.0
1714,0.0,0.0,0.0,0.0
1715,0.0,0.0,0.0,0.0
1716,0.0,0.0,0.0,0.0
1717,0.0,0.0,0.0,0.0
1718,0.0,0.0,0.0,0.0
1719,0.0,0.0,0.0,0.0
1720,0.0,0.0,0.0,0.0
1721,0.0,0.0,0.0,0.0
1722,0.0,0.0,0.0,0.0
1723,0.0,0.0,0.0,0.0
1724,0.0,0.0,0.0,0.0
1725,0.0,0.0,0.0,0.0
1726,0.0,0.0,0.0,0.0
1727,0.0,0.0,0.0,0.0
1728,0.0,0.0,0.0,0.0
1729,0.0,0.0,0.0,0.0
1730,0.0,0.0,0.0,0.0
1731,0.0,0.0,0.0,0.0
1732,0.0,0.0,0.0,0.0
1733,0.0,0.0,0.0,0.0
1734,0.0,0.0,0.0,0.0
1735,0.0,0.0,0.0,0.0
1736,0.0,0.0,0.0,0.0
1737,0.0,0.0,0.0,0.0
1738,0.0,0.0,0.0,0.0
1739,0.0,0.0,0.0,0.0
1740,0.0,0.0,0.0,0.0
1741,0.0,0.0,0.0,0.0
1742,0.0,0.0,0.0,0.0
1743,0.0,0.0,0.0,0.0
1744,0.0,0.0,0.0,0.0
1745,0.0,0.0,0.0,0.0
1746,0.0,0.0,0.0,0.0
1747,0.0,0.0,0.0,0.0
1748,0.0,0.0,0.0,0.0
1749,0.0,0.0,0.0,0.0
1750,0.0,0.0,0.0,0.0
1751,0.0,0.0,0.0,0.0
1752,0.0,0.0,0.0,0.0
1753,0.0,0.0,0.0,0.0
1754,0.0,0.0,0.0,0.0
1755,0.0,0.0,0.0,0.0
1756,0.0,0.0,0.0,0.0
1757,0.0,0.0,0.0,0.0
1758,0.0,0.0,0.0,0.0
1759,0.0,0.0,0.0,0.0
1760,0.0,0.0,0.0,0.0
1761,0.0,0.0,0.0,0.0
1762,0.0,0.0,0.0,0.0
1763,0.0,0.0,0.0,0.0
1764,0.0,0.0,0.0,0.0
1765,0.0,0.0,0.0,0.0
1766,0.0,0.0,0.0,0.0
1767,0.0,0.0,0.0,0.0
1768,0.0,0.0,0.0,0.0
1769,0.0,0.0,0.0,0.0
1770,0.0,0.0,0.0,0.0
1771,0.0,0.0,0.0,0.0
1772,0.0,0.0,0.0,0.0
1773,0.0,0.0,0.0,0.0
1774,0.0,0.0,0.0,0.0
1775,0.0,0.0,0.0,0.0
1776,0.0,0.0,0.0,0.0
1777,0.0,0.0,0.0,0.0
1778,0.0,0.0,0.0,0.0
1779,0.0,0.0,0.0,0.0
1780,0.0,0.0,0.0,0.0
1781,0.0,0.0,0.0,0.0
1782,0.0,0.0,0.0,0.0
1783,0.0,0.0,0.0,0.0
1784,0.0,0.0,0.0,0.0
1785,0.0,0.0,0.0,0.0
1786,0.0,0.0,0.0,0.0
1787,0.0,0.0,0.0,0.0
1788,0.0,0.0,0.0,0.0
1789,0.0,0.0,0.0,0.0
1790,0.0,0.0,0.0,0.0
1791,0.0,0.0,0.0,0.0
1792,0.0,0.0,0.0,0.0
1793,0.0,0.0,0.0,0.0
1794,0.0,0.0,0.0,0.0
1795,0.0,0.0,0.0,0.0
1796,0.0,0.0,0.0,0.0
1797,0.0,0.0,0.0,0.0
1798,0.0,0.0,0.0,0.0
1799,0.0,0.0,0.0,0.0
1800,0.0,0.0,0.0,0.0
1801,0.0,0.0,0.0,0.0
1802,0.0,0.0,0.0,0.0
1803,0.0,0.0,0.0,0.0
1804,0.0,0.0,0.0,0.0
1805,0.0,0.0,0.0,0.0
1806,0.0,0.0,0.0,0.0
1807,0.0,0.0,0.0,0.0
1808,0.0,0.0,0.0,0.0
1809,0.0,0.0,0.0,0.0
1810,0.0,0.0,0.0,0.0
1811,0.0,0.0,0.0,0.0
1812,0.0,0.0,0.0,0.0
1813,0.0,0.0,0.0,0.0
1814,0.0,0.0,0.0,0.0
1815,0.0,0.0,0.0,0.0
1816,0.0,0.0,0.0,0.0
1817,0.0,0.0,0.0,0.0
1818,0.0,0.0,0.0,0.0
1819,0.0,0.0,0.0,0.0
1820,0.0,0.0,0.0,0.0
1821,0.0,0.0,0.0,0.0
1822,0.0,0.0,0.0,0.0
1823,0.0,0.0,0.0,0.0
1824,0.0,0.0,0.0,0.0
1825,0.0,0.0,0.0,0.0
1826,0.0,0.0,0.0,0.0
1827,0.0,0.0,0.0,0.0
1828,0.0,0.0,0.0,0.0
1829,0.0,0.0,0.0,0.0
1830,0.0,0.0,0.0,0.0
1831,0.0,0.0,0.0,0.0
1832,0.0,0.0,0.0,0.0
1833,0.0,0.0,0.0,0.0
1834,0.0,0.0,0.0,0.0
1835,0.0,0.0,0.0,0.0
1836,0.0,0.0,0.0,0.0
1837,0.0,0.0,0.0,0.0
1838,0.0,0.0,0.0,0.0
1839,0.0,0.0,0.0,0.0
1840,0.0,0.0,0.0,0.0
1841,0.0,0.0,0.0,0.0
1842,0.0,0.0,0.0,0.0
1843,0.0,0.0,0.0,0.0
1844,0.0,0.0,0.0,0.0
1845,0.0,0.0,0.0,0.0
1846,0.0,0.0,0.0,0.0
1847,0.0,0.0,0.0,0.0
1848,0.0,0.0,0.0,0.0
1849,0.0,0.0,0.0,0.0
1850,0.0,0.0,0.0,0.0
1851,0.0,0.0,0.0,0.0
1852,0.0,0.0,0.0,0.0
1853,0.0,0.0,0.0,0.0
1854,0.0,0.0,0.0,0.0
1855,0.0,0.0,0.0,0.0
1856,0.0,0.0,0.0,0.0
1857,0.0,0.0,0.0,0.0
1858,0.0,0.0,0.0,0.0
1859,0.0,0.0,0.0,0.0
1860,0.0,0.0,0.0,0.0
1861,0.0,0.0,0.0,0.0
1862,0.0,0.0,0.0,0.0
1863,0.0,0.0,0.0,0.0
1864,0.0,0.0,0.0,0.0
1865,0.0,0.0,0.0,0.0
1866,0.0,0.0,0.0,0.0
1867,0.0,0.0,0.0,0.0
1868,0.0,0.0,0.0,0.0
1869,0.0,0.0,0.0,0.0
1870,0.0,0.0,0.0,0.0
1871,0.0,0.0,0.0,0.0
1872,0.0,0.0,0.0,0.0
1873,0.0,0.0,0.0,0.0
1874,0.0,0.0,0.0,0.0
1875,0.0,0.0,0.0,0.0
1876,0.0,0.0,0.0,0.0
1877,0.0,0.0,0.0,0.0
1878,0.0,0.0,0.0,0.0
1879,0.0,0.0,0.0,0.0
1880,0.0,0.0,0.0,0.0
1881,0.0,0.0,0.0,0.0
1882,0.0,0.0,0.0,0.0
1883,0.0,0.0,0.0,0.0
1884,0.0,0.0,0.0,0.0
1885,0.0,0.0,0.0,0.0
1886,0.0,0.0,0.0,0.0
1887,0.0,0.0,0.0,0.0
1888,0.0,0.0,0.0,0.0
1889,0.0,0.0,0.0,0.0
1890,0.0,0.0,0.0,0.0
1891,0.0,0.0,0.0,0.0
1892,0.0,0.0,0.0,0.0
1893,0.0,0.0,0.0,0.0
1894,0.0,0.0,0.0,0.0
1895,0.0,0.0,0.0,0.0
1896,0.0,0.0,0.0,0.0
1897,0.0,0.0,0.0,0.0
1898,0.0,0.0,0.0,0.0
1899,0.0,0.0,0.0,0.0
1900,0.0,0.0,0.0,0.0
1901,0.0,0.0,0.0,0.0
1902,0.0,0.0,0.0,0.0
1903,0.0,0.0,0.0,0.0
1904,0.0,0.0,0.0,0.0
1905,0.0,0.0,0.0,0.0
1906,0.0,0.0,0.0,0.0
1907,0.0,0.0,0.0,0.0
1908,0.0,0.0,0.0,0.0
1909,0.0,0.0,0.0,0.0
1910,0.0,0.0,0.0,0.0
1911,0.0,0.0,0.0,0.0
1912,0.0,0.0,0.0,0.0
1913,0.0,0.0,0.0,0.0
1914,0.0,0.0,0.0,0.0
1915,0.0,0.0,0.0,0.0
1916,0.0,0.0,0.0,0.0
1917,0.0,0.0,0.0,0.0
1918,0.0,0.0,0.0,0.0
1919,0.0,0.0,0.0,0.0
1920,0.0,0.0,0.0,0.0
1921,0.0,0.0,0.0,0.0
1922,0.0,0.0,0.0,0.0
1923,0.0,0.0,0.0,0.0
1924,0.0,0.0,0.0,0.0
1925,0.0,0.0,0.0,0.0
1926,0.0,0.0,0.0,0.0
1927,0.0,0.0,0.0,0.0
1928,0.0,0.0,0.0,0.0
1929,0.0,0.0,0.0,0.0
1930,0.0,0.0,0.0,0.0
1931,0.0,0.0,0.0,0.0
1932,0.0,0.0,0.0,0.0
1933,0.0,0.0,0.0,0.0
1934,0.0,0.0,0.0,0.0
1935,0.0,0.0,0.0,0.0
1936,0.0,0.0,0.0,0.0
1937,0.0,0.0,0.0,0.0
1938,0.0,0.0,0.0,0.0
1939,0.0,0.0,0.0,0.0
1940,0.0,0.0,0.0,0.0
1941,0.0,0.0,0.0,0.0
1942,0.0,0.0,0.0,0.0
1943,0.0,0.0,0.0,0.0
1944,0.0,0.0,0.0,0.0
1945,0.0,0.0,0.0,0.0
1946,0.0,0.0,0.0,0.0
1947,0.0,0.0,0.0,0.0
1948,0.0,0.0,0.0,0.0
1949,0.0,0.0,0.0,0.0
1950,0.0,0.0,0.0,0.0
1951,0.0,0.0,0.0,0.0
1952,0.0,0.0,0.0,0.0
1953,0.0,0.0,0.0,0.0
1954,0.0,0.0,0.0,0.0
1955,0.0,0.0,0.0,0.0
1956,0.0,0.0,0.0,0.0
1957,0.0,0.0,0.0,0.0
1958,0.0,0.0,0.0,0.0
1959,0.0,0.0,0.0,0.0
1960,0.0,0.0,0.0,0.0
1961,0.0,0.0,0.0,0.0
1962,0.0,0.0,0.0,0.0
1963,0.0,0.0,0.0,0.0
1964,0.0,0.0,0.0,0.0
1965,0.0,0.0,0.0,0.0
1966,0.0,0.0,0.0,0.0
1967,0.0,0.0,0.0,0.0
1968,0.0,0.0,0.0,0.0
1969,0.0,0.0,0.0,0.0
1970,0.0,0.0,0.0,0.0
1971,0.0,0.0,0.0,0.0
1972,0.0,0.0,0.0,0.0
1973,0.0,0.0,0.0,0.0
1974,0.0,0.0,0.0,0.0
1975,0.0,0.0,0.0,0.0
1976,0.0,0.0,0.0,0.0
1977,0.0,0.0,0.0,0.0
1978,0.0,0.0,0.0,0.0
1979,0.0,0.0,0.0,0.0
1980,0.0,0.0,0.0,0.0
1981,0.0,0.0,0.0,0.0
1982,0.0,0.0,0.0,0.0
1983,0.0,0.0,0.0,0.0
1984,0.0,0.0,0.0,0.0
1985,0.0,0.0,0.0,0.0
1986,0.0,0.0,0.0,0.0
1987,0.0,0.0,0.0,0.0
1988,0.0,0.0,0.0,0.0
1989,0.0,0.0,0.0,0.0
1990,0.0,0.0,0.0,0.0
1991,0.0,0.0,0.0,0.0
1992,0.0,0.0,0.0,0.0
1993,0.0,0.0,0.0,0.0
1994,0.0,0.0,0.0,0.0
1995,0.0,0.0,0.0,0.0
1996,0.0,0.0,0.0,0.0
1997,0.0,0.0,0.0,0.0
1998,0.0,0.0,0.0,0.0
1999,0.0,0.0,0.0,0.0
